pair	reference	informant	distance	gene	chrom	start	end	window_bp	cds_bases	W	step	aligned_fraction	win_called	win_tested	win_identical	win_saturated	win_too_few_codons	tp	fp	fn	tn	sensitivity	precision	f1	mcc	aligned_tp	aligned_fp	aligned_fn	aligned_tn	aligned_sensitivity	aligned_precision	aligned_f1	aligned_mcc	sens_0-60	sens_60-100	sens_100-200	sens_200-400	sens_400-
human	hg38	panTro4	0.013	SPMAP1	chr17	38834585	38841938	7353	465	90	30	0.991	0	154	89	0	0	0	0	465	14241	0.000				0	0	465	14113	0.000						0.000	0.000	
human	hg38	panTro4	0.013	SPMAP1	chr17	38834585	38841938	7353	465	150	50	0.991	0	120	25	0	0	0	0	465	14241	0.000				0	0	465	14113	0.000						0.000	0.000	
human	hg38	panTro4	0.013	SPMAP1	chr17	38834585	38841938	7353	465	300	100	0.991	0	71	0	0	0	0	0	465	14241	0.000				0	0	465	14113	0.000						0.000	0.000	
human	hg38	panTro4	0.013	SPMAP1	chr17	38834585	38841938	7353	465	600	200	0.991	0	34	0	0	0	0	0	465	14241	0.000				0	0	465	14113	0.000						0.000	0.000	
human	hg38	rheMac3	0.080	SPMAP1	chr17	38834585	38841938	7353	465	90	30	0.772	0	196	0	0	47	0	0	465	14241	0.000				0	0	465	10885	0.000						0.000	0.000	
human	hg38	rheMac3	0.080	SPMAP1	chr17	38834585	38841938	7353	465	150	50	0.772	0	120	0	0	25	0	0	465	14241	0.000				0	0	465	10885	0.000						0.000	0.000	
human	hg38	rheMac3	0.080	SPMAP1	chr17	38834585	38841938	7353	465	300	100	0.772	1	60	0	0	10	0	300	465	13941	0.000	0.000	0.000	-0.026	0	281	465	10604	0.000	0.000	0.000	-0.033			0.000	0.000	
human	hg38	rheMac3	0.080	SPMAP1	chr17	38834585	38841938	7353	465	600	200	0.772	2	28	0	0	4	45	1155	420	13086	0.097	0.037	0.054	0.010	45	1086	420	9799	0.097	0.040	0.056	-0.002			0.174	0.000	
human	hg38	mm10	0.502	SPMAP1	chr17	38834585	38841938	7353	465	90	30	0.207	0	52	0	0	191	0	0	465	14241	0.000				0	0	465	2577	0.000						0.000	0.000	
human	hg38	mm10	0.502	SPMAP1	chr17	38834585	38841938	7353	465	150	50	0.207	3	34	0	0	108	356	94	109	14147	0.766	0.791	0.778	0.771	356	90	109	2487	0.766	0.798	0.782	0.743			0.798	0.725	
human	hg38	mm10	0.502	SPMAP1	chr17	38834585	38841938	7353	465	300	100	0.207	8	15	0	0	48	461	1339	4	12902	0.991	0.256	0.407	0.479	461	958	4	1619	0.991	0.325	0.489	0.447			1.000	0.981	
human	hg38	mm10	0.502	SPMAP1	chr17	38834585	38841938	7353	465	600	200	0.207	8	6	0	0	20	461	2739	4	11502	0.991	0.144	0.252	0.339	461	1211	4	1366	0.991	0.276	0.431	0.377			1.000	0.981	
human	hg38	canFam3	0.332	SPMAP1	chr17	38834585	38841938	7353	465	90	30	0.424	0	108	0	0	135	0	0	465	14241	0.000				0	0	465	5769	0.000						0.000	0.000	
human	hg38	canFam3	0.332	SPMAP1	chr17	38834585	38841938	7353	465	150	50	0.424	4	72	0	0	69	308	92	157	14149	0.662	0.770	0.712	0.706	308	88	157	5681	0.662	0.778	0.715	0.697			0.612	0.725	
human	hg38	canFam3	0.332	SPMAP1	chr17	38834585	38841938	7353	465	300	100	0.424	9	37	0	0	25	365	1335	100	12906	0.785	0.215	0.337	0.378	365	1168	100	4601	0.785	0.238	0.365	0.355			0.612	1.000	
human	hg38	canFam3	0.332	SPMAP1	chr17	38834585	38841938	7353	465	600	200	0.424	10	18	0	0	6	365	4435	100	9806	0.785	0.076	0.139	0.177	365	3219	100	2550	0.785	0.102	0.180	0.121			0.612	1.000	
human	hg38	galGal4	1.166	SPMAP1	chr17	38834585	38841938	7353	465	90	30	0.000	0	0	0	0	243	0	0	465	14241	0.000				0	0	0	0							0.000	0.000	
human	hg38	galGal4	1.166	SPMAP1	chr17	38834585	38841938	7353	465	150	50	0.000	0	0	0	0	145	0	0	465	14241	0.000				0	0	0	0							0.000	0.000	
human	hg38	galGal4	1.166	SPMAP1	chr17	38834585	38841938	7353	465	300	100	0.000	0	0	0	0	71	0	0	465	14241	0.000				0	0	0	0							0.000	0.000	
human	hg38	galGal4	1.166	SPMAP1	chr17	38834585	38841938	7353	465	600	200	0.000	0	0	0	0	34	0	0	465	14241	0.000				0	0	0	0							0.000	0.000	
human	hg38	danRer10	2.068	SPMAP1	chr17	38834585	38841938	7353	465	90	30	0.000	0	0	0	0	243	0	0	465	14241	0.000				0	0	0	0							0.000	0.000	
human	hg38	danRer10	2.068	SPMAP1	chr17	38834585	38841938	7353	465	150	50	0.000	0	0	0	0	145	0	0	465	14241	0.000				0	0	0	0							0.000	0.000	
human	hg38	danRer10	2.068	SPMAP1	chr17	38834585	38841938	7353	465	300	100	0.000	0	0	0	0	71	0	0	465	14241	0.000				0	0	0	0							0.000	0.000	
human	hg38	danRer10	2.068	SPMAP1	chr17	38834585	38841938	7353	465	600	200	0.000	0	0	0	0	34	0	0	465	14241	0.000				0	0	0	0							0.000	0.000	
human	hg38	panTro4	0.013	PNPO	chr17	47941070	47949808	8738	786	90	30	0.998	0	172	117	0	0	0	0	786	16690	0.000				0	0	786	16656	0.000				0.000	0.000	0.000		
human	hg38	panTro4	0.013	PNPO	chr17	47941070	47949808	8738	786	150	50	0.998	0	136	36	0	0	0	0	786	16690	0.000				0	0	786	16656	0.000				0.000	0.000	0.000		
human	hg38	panTro4	0.013	PNPO	chr17	47941070	47949808	8738	786	300	100	0.998	0	78	7	0	0	0	0	786	16690	0.000				0	0	786	16656	0.000				0.000	0.000	0.000		
human	hg38	panTro4	0.013	PNPO	chr17	47941070	47949808	8738	786	600	200	0.998	0	39	2	0	0	0	0	786	16690	0.000				0	0	786	16656	0.000				0.000	0.000	0.000		
human	hg38	rheMac3	0.080	PNPO	chr17	47941070	47949808	8738	786	90	30	0.941	1	273	3	0	12	0	90	786	16600	0.000	0.000	0.000	-0.016	0	90	786	15562	0.000	0.000	0.000	-0.017	0.000	0.000	0.000		
human	hg38	rheMac3	0.080	PNPO	chr17	47941070	47949808	8738	786	150	50	0.941	0	168	0	0	4	0	0	786	16690	0.000				0	0	786	15652	0.000				0.000	0.000	0.000		
human	hg38	rheMac3	0.080	PNPO	chr17	47941070	47949808	8738	786	300	100	0.941	2	83	0	0	0	0	500	786	16190	0.000	0.000	0.000	-0.037	0	500	786	15152	0.000	0.000	0.000	-0.040	0.000	0.000	0.000		
human	hg38	rheMac3	0.080	PNPO	chr17	47941070	47949808	8738	786	600	200	0.941	4	37	0	0	0	138	2262	648	14428	0.176	0.058	0.087	0.024	138	2231	648	13421	0.176	0.058	0.087	0.020	0.000	0.000	0.209		
human	hg38	mm10	0.502	PNPO	chr17	47941070	47949808	8738	786	90	30	0.614	4	185	0	2	98	205	35	581	16655	0.261	0.854	0.400	0.461	205	34	581	9902	0.261	0.858	0.400	0.454	0.000	0.000	0.310		
human	hg38	mm10	0.502	PNPO	chr17	47941070	47949808	8738	786	150	50	0.614	6	123	0	0	43	388	212	398	16478	0.494	0.647	0.560	0.547	388	153	398	9783	0.494	0.717	0.585	0.569	0.000	0.000	0.587		
human	hg38	mm10	0.502	PNPO	chr17	47941070	47949808	8738	786	300	100	0.614	8	62	0	0	15	523	1077	263	15613	0.665	0.327	0.438	0.432	523	858	263	9078	0.665	0.379	0.483	0.451	0.000	0.000	0.791		
human	hg38	mm10	0.502	PNPO	chr17	47941070	47949808	8738	786	600	200	0.614	9	26	0	0	6	404	2796	382	13894	0.514	0.126	0.203	0.186	404	1944	382	7992	0.514	0.172	0.258	0.201	1.000	1.000	0.422		
human	hg38	canFam3	0.332	PNPO	chr17	47941070	47949808	8738	786	90	30	0.756	1	227	0	0	61	90	0	696	16690	0.115	1.000	0.205	0.332	90	0	696	12418	0.115	1.000	0.205	0.329	0.000	0.000	0.136		
human	hg38	canFam3	0.332	PNPO	chr17	47941070	47949808	8738	786	150	50	0.756	3	144	0	0	25	257	93	529	16597	0.327	0.734	0.452	0.475	257	60	529	12358	0.327	0.811	0.466	0.498	0.000	0.000	0.389		
human	hg38	canFam3	0.332	PNPO	chr17	47941070	47949808	8738	786	300	100	0.756	6	73	0	0	6	181	1019	605	15671	0.230	0.151	0.182	0.139	181	969	605	11449	0.230	0.157	0.187	0.128	0.222	0.000	0.256		
human	hg38	canFam3	0.332	PNPO	chr17	47941070	47949808	8738	786	600	200	0.756	11	29	0	0	1	468	3532	318	13158	0.595	0.117	0.196	0.189	468	2607	318	9811	0.595	0.152	0.242	0.216	1.000	1.000	0.519		
human	hg38	galGal4	1.166	PNPO	chr17	47941070	47949808	8738	786	90	30	0.096	0	29	0	0	260	0	0	786	16690	0.000				0	0	520	1166	0.000				0.000	0.000	0.000		
human	hg38	galGal4	1.166	PNPO	chr17	47941070	47949808	8738	786	150	50	0.096	0	22	0	0	150	0	0	786	16690	0.000				0	0	520	1166	0.000				0.000	0.000	0.000		
human	hg38	galGal4	1.166	PNPO	chr17	47941070	47949808	8738	786	300	100	0.096	3	14	0	0	68	169	731	617	15959	0.215	0.188	0.200	0.161	166	413	354	753	0.319	0.287	0.302	-0.034	0.000	0.000	0.256		
human	hg38	galGal4	1.166	PNPO	chr17	47941070	47949808	8738	786	600	200	0.096	4	9	0	0	28	423	1177	363	15513	0.538	0.264	0.355	0.336	420	280	100	886	0.808	0.600	0.689	0.532	1.000	1.000	0.451		
human	hg38	danRer10	2.068	PNPO	chr17	47941070	47949808	8738	786	90	30	0.087	0	23	0	0	266	0	0	786	16690	0.000				0	0	573	939	0.000				0.000	0.000	0.000		
human	hg38	danRer10	2.068	PNPO	chr17	47941070	47949808	8738	786	150	50	0.087	0	21	0	0	151	0	0	786	16690	0.000				0	0	573	939	0.000				0.000	0.000	0.000		
human	hg38	danRer10	2.068	PNPO	chr17	47941070	47949808	8738	786	300	100	0.087	0	18	0	0	67	0	0	786	16690	0.000				0	0	573	939	0.000				0.000	0.000	0.000		
human	hg38	danRer10	2.068	PNPO	chr17	47941070	47949808	8738	786	600	200	0.087	0	16	0	0	25	0	0	786	16690	0.000				0	0	573	939	0.000				0.000	0.000	0.000		
human	hg38	panTro4	0.013	KRT39	chr17	40957916	40967448	9532	1476	90	30	0.999	0	185	130	0	0	0	0	1476	17588	0.000				0	0	1476	17576	0.000					0.000	0.000	0.000	0.000
human	hg38	panTro4	0.013	KRT39	chr17	40957916	40967448	9532	1476	150	50	0.999	0	144	44	0	0	0	0	1476	17588	0.000				0	0	1476	17576	0.000					0.000	0.000	0.000	0.000
human	hg38	panTro4	0.013	KRT39	chr17	40957916	40967448	9532	1476	300	100	0.999	0	87	6	0	0	0	0	1476	17588	0.000				0	0	1476	17576	0.000					0.000	0.000	0.000	0.000
human	hg38	panTro4	0.013	KRT39	chr17	40957916	40967448	9532	1476	600	200	0.999	0	45	0	0	0	0	0	1476	17588	0.000				0	0	1476	17576	0.000					0.000	0.000	0.000	0.000
human	hg38	rheMac3	0.080	KRT39	chr17	40957916	40967448	9532	1476	90	30	0.962	0	297	7	0	11	0	0	1476	17588	0.000				0	0	1476	16870	0.000					0.000	0.000	0.000	0.000
human	hg38	rheMac3	0.080	KRT39	chr17	40957916	40967448	9532	1476	150	50	0.962	1	180	2	0	5	135	15	1341	17573	0.091	0.900	0.166	0.274	135	15	1341	16855	0.091	0.900	0.166	0.274		0.000	0.000	0.281	0.000
human	hg38	rheMac3	0.080	KRT39	chr17	40957916	40967448	9532	1476	300	100	0.962	4	88	0	0	1	221	779	1255	16809	0.150	0.221	0.179	0.126	221	765	1255	16105	0.150	0.224	0.180	0.126		0.000	0.000	0.460	0.000
human	hg38	rheMac3	0.080	KRT39	chr17	40957916	40967448	9532	1476	600	200	0.962	3	42	0	0	0	221	1179	1255	16409	0.150	0.158	0.154	0.085	221	1169	1255	15701	0.150	0.159	0.154	0.083		0.000	0.000	0.460	0.000
human	hg38	mm10	0.502	KRT39	chr17	40957916	40967448	9532	1476	90	30	0.698	1	230	0	0	84	90	0	1386	17588	0.061	1.000	0.115	0.238	90	0	1356	11856	0.062	1.000	0.117	0.236		0.000	0.000	0.188	0.000
human	hg38	mm10	0.502	KRT39	chr17	40957916	40967448	9532	1476	150	50	0.698	13	129	0	0	46	732	968	744	16620	0.496	0.431	0.461	0.413	732	959	714	10897	0.506	0.433	0.467	0.397		0.000	0.717	0.385	0.487
human	hg38	mm10	0.502	KRT39	chr17	40957916	40967448	9532	1476	300	100	0.698	23	52	0	0	18	994	3606	482	13982	0.673	0.216	0.327	0.293	994	3153	452	8703	0.687	0.240	0.355	0.283		0.000	1.000	0.460	0.701
human	hg38	mm10	0.502	KRT39	chr17	40957916	40967448	9532	1476	600	200	0.698	28	11	0	0	6	1134	7666	342	9922	0.768	0.129	0.221	0.178	1116	5831	330	6025	0.772	0.161	0.266	0.174		0.000	1.000	0.460	1.000
human	hg38	canFam3	0.332	KRT39	chr17	40957916	40967448	9532	1476	90	30	0.780	0	254	0	0	61	0	0	1476	17588	0.000				0	0	1445	13421	0.000					0.000	0.000	0.000	0.000
human	hg38	canFam3	0.332	KRT39	chr17	40957916	40967448	9532	1476	150	50	0.780	3	153	0	0	32	150	200	1326	17388	0.102	0.429	0.164	0.180	150	200	1295	13221	0.104	0.429	0.167	0.174		0.000	0.000	0.000	0.321
human	hg38	canFam3	0.332	KRT39	chr17	40957916	40967448	9532	1476	300	100	0.780	14	68	0	0	11	312	3188	1164	14400	0.211	0.089	0.125	0.021	296	2989	1149	10432	0.205	0.090	0.125	-0.013		0.145	0.000	0.000	0.641
human	hg38	canFam3	0.332	KRT39	chr17	40957916	40967448	9532	1476	600	200	0.780	23	21	0	0	1	1152	8248	324	9340	0.780	0.123	0.212	0.167	1121	7030	324	6391	0.776	0.138	0.234	0.150		0.145	0.692	0.758	1.000
human	hg38	galGal4	1.166	KRT39	chr17	40957916	40967448	9532	1476	90	30	0.139	0	38	0	0	277	0	0	1476	17588	0.000				0	0	893	1761	0.000					0.000	0.000	0.000	0.000
human	hg38	galGal4	1.166	KRT39	chr17	40957916	40967448	9532	1476	150	50	0.139	0	35	0	0	153	0	0	1476	17588	0.000				0	0	893	1761	0.000					0.000	0.000	0.000	0.000
human	hg38	galGal4	1.166	KRT39	chr17	40957916	40967448	9532	1476	300	100	0.139	0	26	0	0	67	0	0	1476	17588	0.000				0	0	893	1761	0.000					0.000	0.000	0.000	0.000
human	hg38	galGal4	1.166	KRT39	chr17	40957916	40967448	9532	1476	600	200	0.139	0	19	0	0	26	0	0	1476	17588	0.000				0	0	893	1761	0.000					0.000	0.000	0.000	0.000
human	hg38	danRer10	2.068	KRT39	chr17	40957916	40967448	9532	1476	90	30	0.250	0	75	0	0	240	0	0	1476	17588	0.000				0	0	1114	3644	0.000					0.000	0.000	0.000	0.000
human	hg38	danRer10	2.068	KRT39	chr17	40957916	40967448	9532	1476	150	50	0.250	0	61	0	0	127	0	0	1476	17588	0.000				0	0	1114	3644	0.000					0.000	0.000	0.000	0.000
human	hg38	danRer10	2.068	KRT39	chr17	40957916	40967448	9532	1476	300	100	0.250	0	39	0	0	54	0	0	1476	17588	0.000				0	0	1114	3644	0.000					0.000	0.000	0.000	0.000
human	hg38	danRer10	2.068	KRT39	chr17	40957916	40967448	9532	1476	600	200	0.250	1	27	0	0	17	221	379	1255	17209	0.150	0.368	0.213	0.196	216	189	898	3455	0.194	0.533	0.284	0.216		0.000	0.000	0.460	0.000
human	hg38	panTro4	0.013	ALDOC	chr17	28572619	28577395	4776	1095	90	30	0.884	0	48	92	0	17	0	0	1095	8457	0.000				0	0	1095	7351	0.000				0.000	0.000	0.000	0.000	
human	hg38	panTro4	0.013	ALDOC	chr17	28572619	28577395	4776	1095	150	50	0.884	0	41	43	0	9	0	0	1095	8457	0.000				0	0	1095	7351	0.000				0.000	0.000	0.000	0.000	
human	hg38	panTro4	0.013	ALDOC	chr17	28572619	28577395	4776	1095	300	100	0.884	0	30	12	0	3	0	0	1095	8457	0.000				0	0	1095	7351	0.000				0.000	0.000	0.000	0.000	
human	hg38	panTro4	0.013	ALDOC	chr17	28572619	28577395	4776	1095	600	200	0.884	0	18	3	0	0	0	0	1095	8457	0.000				0	0	1095	7351	0.000				0.000	0.000	0.000	0.000	
human	hg38	rheMac3	0.080	ALDOC	chr17	28572619	28577395	4776	1095	90	30	0.999	0	151	6	0	0	0	0	1095	8457	0.000				0	0	1095	8445	0.000				0.000	0.000	0.000	0.000	
human	hg38	rheMac3	0.080	ALDOC	chr17	28572619	28577395	4776	1095	150	50	0.999	0	93	0	0	0	0	0	1095	8457	0.000				0	0	1095	8445	0.000				0.000	0.000	0.000	0.000	
human	hg38	rheMac3	0.080	ALDOC	chr17	28572619	28577395	4776	1095	300	100	0.999	2	43	0	0	0	197	403	898	8054	0.180	0.328	0.232	0.174	197	403	898	8042	0.180	0.328	0.232	0.174	0.000	0.000	0.000	0.478	
human	hg38	rheMac3	0.080	ALDOC	chr17	28572619	28577395	4776	1095	600	200	0.999	0	21	0	0	0	0	0	1095	8457	0.000				0	0	1095	8445	0.000				0.000	0.000	0.000	0.000	
human	hg38	mm10	0.502	ALDOC	chr17	28572619	28577395	4776	1095	90	30	0.904	8	142	0	0	7	393	147	702	8310	0.359	0.728	0.481	0.471	393	141	699	7405	0.360	0.736	0.483	0.471	1.000	0.000	0.498	0.279	
human	hg38	mm10	0.502	ALDOC	chr17	28572619	28577395	4776	1095	150	50	0.904	16	77	0	0	0	1067	633	28	7824	0.974	0.628	0.764	0.749	1064	588	28	6958	0.974	0.644	0.776	0.757	1.000	0.944	0.993	0.964	
human	hg38	mm10	0.502	ALDOC	chr17	28572619	28577395	4776	1095	300	100	0.904	13	32	0	0	0	835	1865	260	6592	0.763	0.309	0.440	0.383	832	1754	260	5792	0.762	0.322	0.452	0.384	1.000	0.856	0.478	1.000	
human	hg38	mm10	0.502	ALDOC	chr17	28572619	28577395	4776	1095	600	200	0.904	17	4	0	0	0	1095	3905	0	4552	1.000	0.219	0.359	0.343	1092	3446	0	4100	1.000	0.241	0.388	0.362	1.000	1.000	1.000	1.000	
human	hg38	canFam3	0.332	ALDOC	chr17	28572619	28577395	4776	1095	90	30	0.919	2	148	0	0	7	167	13	928	8444	0.153	0.928	0.262	0.354	167	13	928	7666	0.153	0.928	0.262	0.352	0.000	0.000	0.000	0.405	
human	hg38	canFam3	0.332	ALDOC	chr17	28572619	28577395	4776	1095	150	50	0.919	15	75	0	0	3	845	605	250	7852	0.772	0.583	0.664	0.622	845	584	250	7095	0.772	0.591	0.670	0.623	0.000	0.000	1.000	0.964	
human	hg38	canFam3	0.332	ALDOC	chr17	28572619	28577395	4776	1095	300	100	0.919	22	23	0	0	0	1008	3192	87	5265	0.921	0.240	0.381	0.349	1008	3070	87	4609	0.921	0.247	0.390	0.345	1.000	0.844	0.868	1.000	
human	hg38	canFam3	0.332	ALDOC	chr17	28572619	28577395	4776	1095	600	200	0.919	17	4	0	0	0	1095	3705	0	4752	1.000	0.228	0.372	0.358	1095	3431	0	4248	1.000	0.242	0.390	0.366	1.000	1.000	1.000	1.000	
human	hg38	galGal4	1.166	ALDOC	chr17	28572619	28577395	4776	1095	90	30	0.366	2	61	0	0	94	90	90	1005	8367	0.082	0.500	0.141	0.168	90	87	1002	2313	0.082	0.508	0.142	0.098	0.000	0.000	0.201	0.000	
human	hg38	galGal4	1.166	ALDOC	chr17	28572619	28577395	4776	1095	150	50	0.366	12	33	0	0	48	663	687	432	7770	0.605	0.491	0.542	0.479	660	536	432	1864	0.604	0.552	0.577	0.372	0.000	0.000	0.750	0.794	
human	hg38	galGal4	1.166	ALDOC	chr17	28572619	28577395	4776	1095	300	100	0.366	16	10	0	0	19	955	1645	140	6812	0.872	0.367	0.517	0.485	952	890	140	1510	0.872	0.517	0.649	0.465	0.000	1.000	1.000	0.794	
human	hg38	galGal4	1.166	ALDOC	chr17	28572619	28577395	4776	1095	600	200	0.366	8	6	0	0	7	883	1917	212	6540	0.806	0.315	0.453	0.406	880	980	212	1420	0.806	0.473	0.596	0.369	1.000	1.000	1.000	0.485	
human	hg38	danRer10	2.068	ALDOC	chr17	28572619	28577395	4776	1095	90	30	0.277	0	41	0	0	116	0	0	1095	8457	0.000				0	0	1088	1560	0.000				0.000	0.000	0.000	0.000	
human	hg38	danRer10	2.068	ALDOC	chr17	28572619	28577395	4776	1095	150	50	0.277	5	31	0	0	57	290	360	805	8097	0.265	0.446	0.332	0.281	290	307	798	1253	0.267	0.486	0.344	0.082	0.000	0.000	0.647	0.000	
human	hg38	danRer10	2.068	ALDOC	chr17	28572619	28577395	4776	1095	300	100	0.277	10	12	0	0	23	503	1597	592	6860	0.459	0.240	0.315	0.208	503	801	585	759	0.462	0.386	0.421	-0.050	1.000	0.000	0.750	0.272	
human	hg38	danRer10	2.068	ALDOC	chr17	28572619	28577395	4776	1095	600	200	0.277	10	3	0	0	8	827	2373	268	6084	0.755	0.258	0.385	0.320	824	828	264	732	0.757	0.499	0.601	0.230	1.000	1.000	0.658	0.721	
human	hg38	panTro4	0.013	ERAL1	chr17	28854515	28861561	7046	1314	90	30	0.994	0	132	100	0	0	0	0	1314	12778	0.000				0	0	1314	12696	0.000				0.000	0.000	0.000	0.000	
human	hg38	panTro4	0.013	ERAL1	chr17	28854515	28861561	7046	1314	150	50	0.994	0	101	37	0	0	0	0	1314	12778	0.000				0	0	1314	12696	0.000				0.000	0.000	0.000	0.000	
human	hg38	panTro4	0.013	ERAL1	chr17	28854515	28861561	7046	1314	300	100	0.994	0	63	5	0	0	0	0	1314	12778	0.000				0	0	1314	12696	0.000				0.000	0.000	0.000	0.000	
human	hg38	panTro4	0.013	ERAL1	chr17	28854515	28861561	7046	1314	600	200	0.994	0	33	0	0	0	0	0	1314	12778	0.000				0	0	1314	12696	0.000				0.000	0.000	0.000	0.000	
human	hg38	rheMac3	0.080	ERAL1	chr17	28854515	28861561	7046	1314	90	30	0.976	0	226	2	0	4	0	0	1314	12778	0.000				0	0	1314	12438	0.000				0.000	0.000	0.000	0.000	
human	hg38	rheMac3	0.080	ERAL1	chr17	28854515	28861561	7046	1314	150	50	0.976	0	137	0	0	1	0	0	1314	12778	0.000				0	0	1314	12438	0.000				0.000	0.000	0.000	0.000	
human	hg38	rheMac3	0.080	ERAL1	chr17	28854515	28861561	7046	1314	300	100	0.976	3	65	0	0	0	0	700	1314	12078	0.000	0.000	0.000	-0.073	0	578	1314	11860	0.000	0.000	0.000	-0.068	0.000	0.000	0.000	0.000	
human	hg38	rheMac3	0.080	ERAL1	chr17	28854515	28861561	7046	1314	600	200	0.976	3	30	0	0	0	123	1677	1191	11101	0.094	0.068	0.079	-0.033	123	1551	1191	10887	0.094	0.073	0.082	-0.028	0.000	0.000	0.239	0.000	
human	hg38	mm10	0.502	ERAL1	chr17	28854515	28861561	7046	1314	90	30	0.607	2	145	0	0	85	106	14	1208	12764	0.081	0.883	0.148	0.252	106	10	1208	7230	0.081	0.914	0.148	0.247	0.000	0.000	0.206	0.000	
human	hg38	mm10	0.502	ERAL1	chr17	28854515	28861561	7046	1314	150	50	0.607	4	93	0	0	41	424	176	890	12602	0.323	0.707	0.443	0.445	424	162	890	7078	0.323	0.724	0.446	0.429	0.000	0.000	0.533	0.282	
human	hg38	mm10	0.502	ERAL1	chr17	28854515	28861561	7046	1314	300	100	0.607	14	40	0	0	14	944	1556	370	11222	0.718	0.378	0.495	0.454	944	1319	370	5921	0.718	0.417	0.528	0.438	0.000	1.000	0.761	0.624	
human	hg38	mm10	0.502	ERAL1	chr17	28854515	28861561	7046	1314	600	200	0.607	14	15	0	0	4	1191	3609	123	9169	0.906	0.248	0.390	0.383	1191	2362	123	4878	0.906	0.335	0.489	0.425	1.000	1.000	0.761	1.000	
human	hg38	canFam3	0.332	ERAL1	chr17	28854515	28861561	7046	1314	90	30	0.638	0	152	0	0	80	0	0	1314	12778	0.000				0	0	1314	7676	0.000				0.000	0.000	0.000	0.000	
human	hg38	canFam3	0.332	ERAL1	chr17	28854515	28861561	7046	1314	150	50	0.638	5	92	0	0	41	276	274	1038	12504	0.210	0.502	0.296	0.283	276	255	1038	7421	0.210	0.520	0.299	0.265	0.000	0.000	0.537	0.000	
human	hg38	canFam3	0.332	ERAL1	chr17	28854515	28861561	7046	1314	300	100	0.638	18	36	0	0	14	1066	2534	248	10244	0.811	0.296	0.434	0.409	1066	2320	248	5356	0.811	0.315	0.454	0.371	0.000	0.647	0.761	1.000	
human	hg38	canFam3	0.332	ERAL1	chr17	28854515	28861561	7046	1314	600	200	0.638	16	14	0	0	3	904	3896	410	8882	0.688	0.188	0.296	0.235	904	3237	410	4439	0.688	0.218	0.331	0.189	1.000	0.647	0.512	0.848	
human	hg38	galGal4	1.166	ERAL1	chr17	28854515	28861561	7046	1314	90	30	0.209	0	49	0	0	183	0	0	1314	12778	0.000				0	0	890	2060	0.000				0.000	0.000	0.000	0.000	
human	hg38	galGal4	1.166	ERAL1	chr17	28854515	28861561	7046	1314	150	50	0.209	0	39	0	0	99	0	0	1314	12778	0.000				0	0	890	2060	0.000				0.000	0.000	0.000	0.000	
human	hg38	galGal4	1.166	ERAL1	chr17	28854515	28861561	7046	1314	300	100	0.209	1	25	0	0	42	0	300	1314	12478	0.000	0.000	0.000	-0.047	0	231	890	1829	0.000	0.000	0.000	-0.192	0.000	0.000	0.000	0.000	
human	hg38	galGal4	1.166	ERAL1	chr17	28854515	28861561	7046	1314	600	200	0.209	6	12	0	0	15	908	1092	406	11686	0.691	0.454	0.548	0.505	795	349	95	1711	0.893	0.695	0.782	0.682	1.000	1.000	0.761	0.468	
human	hg38	danRer10	2.068	ERAL1	chr17	28854515	28861561	7046	1314	90	30	0.108	0	22	0	1	209	0	0	1314	12778	0.000				0	0	481	1045	0.000				0.000	0.000	0.000	0.000	
human	hg38	danRer10	2.068	ERAL1	chr17	28854515	28861561	7046	1314	150	50	0.108	0	18	0	0	120	0	0	1314	12778	0.000				0	0	481	1045	0.000				0.000	0.000	0.000	0.000	
human	hg38	danRer10	2.068	ERAL1	chr17	28854515	28861561	7046	1314	300	100	0.108	0	13	0	0	55	0	0	1314	12778	0.000				0	0	481	1045	0.000				0.000	0.000	0.000	0.000	
human	hg38	danRer10	2.068	ERAL1	chr17	28854515	28861561	7046	1314	600	200	0.108	1	9	0	0	23	399	201	915	12577	0.304	0.665	0.417	0.415	359	57	122	988	0.746	0.863	0.800	0.722	0.000	0.000	0.292	0.468	
human	hg38	panTro4	0.013	FBXO39	chr17	6775714	6788146	12432	1329	90	30	1.000	0	270	142	0	0	0	0	1329	23535	0.000				0	0	1329	23531	0.000						0.000		0.000
human	hg38	panTro4	0.013	FBXO39	chr17	6775714	6788146	12432	1329	150	50	1.000	0	199	47	0	0	0	0	1329	23535	0.000				0	0	1329	23531	0.000						0.000		0.000
human	hg38	panTro4	0.013	FBXO39	chr17	6775714	6788146	12432	1329	300	100	1.000	0	115	7	0	0	0	0	1329	23535	0.000				0	0	1329	23531	0.000						0.000		0.000
human	hg38	panTro4	0.013	FBXO39	chr17	6775714	6788146	12432	1329	600	200	1.000	0	60	0	0	0	0	0	1329	23535	0.000				0	0	1329	23531	0.000						0.000		0.000
human	hg38	rheMac3	0.080	FBXO39	chr17	6775714	6788146	12432	1329	90	30	0.866	0	364	1	0	47	0	0	1329	23535	0.000				0	0	1329	20191	0.000						0.000		0.000
human	hg38	rheMac3	0.080	FBXO39	chr17	6775714	6788146	12432	1329	150	50	0.866	0	222	0	0	24	0	0	1329	23535	0.000				0	0	1329	20191	0.000						0.000		0.000
human	hg38	rheMac3	0.080	FBXO39	chr17	6775714	6788146	12432	1329	300	100	0.866	4	110	0	0	8	400	600	929	22935	0.301	0.400	0.343	0.315	400	597	929	19594	0.301	0.401	0.344	0.311			0.000		0.391
human	hg38	rheMac3	0.080	FBXO39	chr17	6775714	6788146	12432	1329	600	200	0.866	8	50	0	0	2	948	2652	381	20883	0.713	0.263	0.385	0.384	948	2355	381	17836	0.713	0.287	0.409	0.398			0.559		0.760
human	hg38	mm10	0.502	FBXO39	chr17	6775714	6788146	12432	1329	90	30	0.265	0	115	0	0	297	0	0	1329	23535	0.000				0	0	1329	5259	0.000						0.000		0.000
human	hg38	mm10	0.502	FBXO39	chr17	6775714	6788146	12432	1329	150	50	0.265	16	57	0	0	173	1054	396	275	23139	0.793	0.727	0.759	0.745	1054	393	275	4866	0.793	0.728	0.759	0.696			0.578		0.857
human	hg38	mm10	0.502	FBXO39	chr17	6775714	6788146	12432	1329	300	100	0.265	15	27	0	0	80	1315	1085	14	22450	0.989	0.548	0.705	0.719	1315	860	14	4399	0.989	0.605	0.751	0.705			0.954		1.000
human	hg38	mm10	0.502	FBXO39	chr17	6775714	6788146	12432	1329	600	200	0.265	14	10	0	0	36	1329	3071	0	20464	1.000	0.302	0.464	0.512	1329	1949	0	3310	1.000	0.405	0.577	0.505			1.000		1.000
human	hg38	canFam3	0.332	FBXO39	chr17	6775714	6788146	12432	1329	90	30	0.288	1	127	0	0	284	90	0	1239	23535	0.068	1.000	0.127	0.254	90	0	1239	5841	0.068	1.000	0.127	0.236			0.000		0.088
human	hg38	canFam3	0.332	FBXO39	chr17	6775714	6788146	12432	1329	150	50	0.288	21	71	0	0	154	1165	335	164	23200	0.877	0.777	0.824	0.815	1165	294	164	5547	0.877	0.798	0.836	0.798			0.464		1.000
human	hg38	canFam3	0.332	FBXO39	chr17	6775714	6788146	12432	1329	300	100	0.288	14	41	0	0	67	1200	800	129	22735	0.903	0.600	0.721	0.719	1200	522	129	5319	0.903	0.697	0.787	0.740			0.578		1.000
human	hg38	canFam3	0.332	FBXO39	chr17	6775714	6788146	12432	1329	600	200	0.288	15	15	0	0	30	1329	3471	0	20064	1.000	0.277	0.434	0.486	1329	1845	0	3996	1.000	0.419	0.590	0.535			1.000		1.000
human	hg38	galGal4	1.166	FBXO39	chr17	6775714	6788146	12432	1329	90	30	0.109	0	45	0	0	367	0	0	1329	23535	0.000				0	0	1317	1403	0.000						0.000		0.000
human	hg38	galGal4	1.166	FBXO39	chr17	6775714	6788146	12432	1329	150	50	0.109	0	31	0	0	215	0	0	1329	23535	0.000				0	0	1317	1403	0.000						0.000		0.000
human	hg38	galGal4	1.166	FBXO39	chr17	6775714	6788146	12432	1329	300	100	0.109	10	10	0	0	102	177	1223	1152	22312	0.133	0.126	0.130	0.079	177	1026	1140	377	0.134	0.147	0.140	-0.601			0.000		0.173
human	hg38	galGal4	1.166	FBXO39	chr17	6775714	6788146	12432	1329	600	200	0.109	8	5	0	0	47	369	2431	960	21104	0.278	0.132	0.179	0.124	369	1058	948	345	0.280	0.259	0.269	-0.474			0.627		0.173
human	hg38	danRer10	2.068	FBXO39	chr17	6775714	6788146	12432	1329	90	30	0.000	0	0	0	0	412	0	0	1329	23535	0.000				0	0	0	0							0.000		0.000
human	hg38	danRer10	2.068	FBXO39	chr17	6775714	6788146	12432	1329	150	50	0.000	0	0	0	0	246	0	0	1329	23535	0.000				0	0	0	0							0.000		0.000
human	hg38	danRer10	2.068	FBXO39	chr17	6775714	6788146	12432	1329	300	100	0.000	0	0	0	0	122	0	0	1329	23535	0.000				0	0	0	0							0.000		0.000
human	hg38	danRer10	2.068	FBXO39	chr17	6775714	6788146	12432	1329	600	200	0.000	0	0	0	0	60	0	0	1329	23535	0.000				0	0	0	0							0.000		0.000
human	hg38	panTro4	0.013	CENPX	chr17	82018202	82023378	5176	396	90	30	0.895	0	121	32	0	17	0	0	396	9956	0.000				0	0	396	8872	0.000				0.000	0.000	0.000		
human	hg38	panTro4	0.013	CENPX	chr17	82018202	82023378	5176	396	150	50	0.895	0	84	8	0	9	0	0	396	9956	0.000				0	0	396	8872	0.000				0.000	0.000	0.000		
human	hg38	panTro4	0.013	CENPX	chr17	82018202	82023378	5176	396	300	100	0.895	0	45	1	0	3	0	0	396	9956	0.000				0	0	396	8872	0.000				0.000	0.000	0.000		
human	hg38	panTro4	0.013	CENPX	chr17	82018202	82023378	5176	396	600	200	0.895	0	22	1	0	0	0	0	396	9956	0.000				0	0	396	8872	0.000				0.000	0.000	0.000		
human	hg38	rheMac3	0.080	CENPX	chr17	82018202	82023378	5176	396	90	30	0.975	0	170	0	0	0	0	0	396	9956	0.000				0	0	396	9694	0.000				0.000	0.000	0.000		
human	hg38	rheMac3	0.080	CENPX	chr17	82018202	82023378	5176	396	150	50	0.975	0	101	0	0	0	0	0	396	9956	0.000				0	0	396	9694	0.000				0.000	0.000	0.000		
human	hg38	rheMac3	0.080	CENPX	chr17	82018202	82023378	5176	396	300	100	0.975	4	45	0	0	0	0	800	396	9156	0.000	0.000	0.000	-0.058	0	782	396	8912	0.000	0.000	0.000	-0.059	0.000	0.000	0.000		
human	hg38	rheMac3	0.080	CENPX	chr17	82018202	82023378	5176	396	600	200	0.975	6	17	0	0	0	52	2348	344	7608	0.131	0.022	0.037	-0.048	52	2309	344	7385	0.131	0.022	0.038	-0.049	0.295	0.000	0.000		
human	hg38	mm10	0.502	CENPX	chr17	82018202	82023378	5176	396	90	30	0.410	0	74	0	1	95	0	0	396	9956	0.000				0	0	339	3903	0.000				0.000	0.000	0.000		
human	hg38	mm10	0.502	CENPX	chr17	82018202	82023378	5176	396	150	50	0.410	0	53	0	0	48	0	0	396	9956	0.000				0	0	339	3903	0.000				0.000	0.000	0.000		
human	hg38	mm10	0.502	CENPX	chr17	82018202	82023378	5176	396	300	100	0.410	2	26	0	0	21	52	548	344	9408	0.131	0.087	0.104	0.063	52	427	287	3476	0.153	0.109	0.127	0.038	0.295	0.000	0.000		
human	hg38	mm10	0.502	CENPX	chr17	82018202	82023378	5176	396	600	200	0.410	6	10	0	0	7	237	1763	159	8193	0.598	0.118	0.198	0.205	220	1007	119	2896	0.649	0.179	0.281	0.234	0.602	0.000	1.000		
human	hg38	canFam3	0.332	CENPX	chr17	82018202	82023378	5176	396	90	30	0.534	0	81	0	0	89	0	0	396	9956	0.000				0	0	291	5235	0.000				0.000	0.000	0.000		
human	hg38	canFam3	0.332	CENPX	chr17	82018202	82023378	5176	396	150	50	0.534	0	84	0	0	17	0	0	396	9956	0.000				0	0	291	5235	0.000				0.000	0.000	0.000		
human	hg38	canFam3	0.332	CENPX	chr17	82018202	82023378	5176	396	300	100	0.534	0	46	0	0	3	0	0	396	9956	0.000				0	0	291	5235	0.000				0.000	0.000	0.000		
human	hg38	canFam3	0.332	CENPX	chr17	82018202	82023378	5176	396	600	200	0.534	0	23	0	0	0	0	0	396	9956	0.000				0	0	291	5235	0.000				0.000	0.000	0.000		
human	hg38	galGal4	1.166	CENPX	chr17	82018202	82023378	5176	396	90	30	0.317	0	35	0	0	135	0	0	396	9956	0.000				0	0	252	3028	0.000				0.000	0.000	0.000		
human	hg38	galGal4	1.166	CENPX	chr17	82018202	82023378	5176	396	150	50	0.317	0	40	0	1	60	0	0	396	9956	0.000				0	0	252	3028	0.000				0.000	0.000	0.000		
human	hg38	galGal4	1.166	CENPX	chr17	82018202	82023378	5176	396	300	100	0.317	0	33	0	0	16	0	0	396	9956	0.000				0	0	252	3028	0.000				0.000	0.000	0.000		
human	hg38	galGal4	1.166	CENPX	chr17	82018202	82023378	5176	396	600	200	0.317	1	17	0	0	5	123	477	273	9479	0.311	0.205	0.247	0.216	112	160	140	2868	0.444	0.412	0.427	0.378	0.193	1.000	0.000		
human	hg38	danRer10	2.068	CENPX	chr17	82018202	82023378	5176	396	90	30	0.000	0	0	0	0	170	0	0	396	9956	0.000				0	0	0	0					0.000	0.000	0.000		
human	hg38	danRer10	2.068	CENPX	chr17	82018202	82023378	5176	396	150	50	0.000	0	0	0	0	101	0	0	396	9956	0.000				0	0	0	0					0.000	0.000	0.000		
human	hg38	danRer10	2.068	CENPX	chr17	82018202	82023378	5176	396	300	100	0.000	0	0	0	0	49	0	0	396	9956	0.000				0	0	0	0					0.000	0.000	0.000		
human	hg38	danRer10	2.068	CENPX	chr17	82018202	82023378	5176	396	600	200	0.000	0	0	0	0	23	0	0	396	9956	0.000				0	0	0	0					0.000	0.000	0.000		
human	hg38	panTro4	0.013	PEX12	chr17	35574294	35579071	4777	1080	90	30	0.998	0	83	74	0	0	0	0	1080	8474	0.000				0	0	1080	8458	0.000						0.000		0.000
human	hg38	panTro4	0.013	PEX12	chr17	35574294	35579071	4777	1080	150	50	0.998	0	67	26	0	0	0	0	1080	8474	0.000				0	0	1080	8458	0.000						0.000		0.000
human	hg38	panTro4	0.013	PEX12	chr17	35574294	35579071	4777	1080	300	100	0.998	0	41	4	0	0	0	0	1080	8474	0.000				0	0	1080	8458	0.000						0.000		0.000
human	hg38	panTro4	0.013	PEX12	chr17	35574294	35579071	4777	1080	600	200	0.998	0	21	0	0	0	0	0	1080	8474	0.000				0	0	1080	8458	0.000						0.000		0.000
human	hg38	rheMac3	0.080	PEX12	chr17	35574294	35579071	4777	1080	90	30	0.986	0	149	8	0	0	0	0	1080	8474	0.000				0	0	1080	8344	0.000						0.000		0.000
human	hg38	rheMac3	0.080	PEX12	chr17	35574294	35579071	4777	1080	150	50	0.986	2	89	2	0	0	63	137	1017	8337	0.058	0.315	0.098	0.093	63	137	1017	8207	0.058	0.315	0.098	0.093			0.000		0.066
human	hg38	rheMac3	0.080	PEX12	chr17	35574294	35579071	4777	1080	300	100	0.986	5	40	0	0	0	213	887	867	7587	0.197	0.194	0.195	0.092	213	880	867	7464	0.197	0.195	0.196	0.091			0.000		0.223
human	hg38	rheMac3	0.080	PEX12	chr17	35574294	35579071	4777	1080	600	200	0.986	6	15	0	0	0	810	1590	270	6884	0.750	0.338	0.466	0.411	810	1570	270	6774	0.750	0.340	0.468	0.412			0.000		0.849
human	hg38	mm10	0.502	PEX12	chr17	35574294	35579071	4777	1080	90	30	0.771	4	125	0	0	28	300	0	780	8474	0.278	1.000	0.435	0.504	300	0	780	6288	0.278	1.000	0.435	0.497			0.000		0.314
human	hg38	mm10	0.502	PEX12	chr17	35574294	35579071	4777	1080	150	50	0.771	14	74	0	0	5	934	16	146	8458	0.865	0.983	0.920	0.913	934	16	146	6272	0.865	0.983	0.920	0.910			0.000		0.979
human	hg38	mm10	0.502	PEX12	chr17	35574294	35579071	4777	1080	300	100	0.771	13	31	0	0	1	954	946	126	7528	0.883	0.502	0.640	0.612	954	800	126	5488	0.883	0.544	0.673	0.628			0.000		1.000
human	hg38	mm10	0.502	PEX12	chr17	35574294	35579071	4777	1080	600	200	0.771	15	6	0	0	0	954	4646	126	3828	0.883	0.170	0.286	0.215	954	3597	126	2691	0.883	0.210	0.339	0.227			0.000		1.000
human	hg38	canFam3	0.332	PEX12	chr17	35574294	35579071	4777	1080	90	30	0.918	1	154	0	0	2	90	0	990	8474	0.083	1.000	0.154	0.273	90	0	990	7694	0.083	1.000	0.154	0.272			0.000		0.094
human	hg38	canFam3	0.332	PEX12	chr17	35574294	35579071	4777	1080	150	50	0.918	8	85	0	0	0	700	150	380	8324	0.648	0.824	0.725	0.701	700	150	380	7544	0.648	0.824	0.725	0.698			0.000		0.734
human	hg38	canFam3	0.332	PEX12	chr17	35574294	35579071	4777	1080	300	100	0.918	13	32	0	0	0	954	1746	126	6728	0.883	0.353	0.505	0.476	954	1614	126	6080	0.883	0.371	0.523	0.486			0.000		1.000
human	hg38	canFam3	0.332	PEX12	chr17	35574294	35579071	4777	1080	600	200	0.918	16	5	0	0	0	1080	4720	0	3754	1.000	0.186	0.314	0.287	1080	4186	0	3508	1.000	0.205	0.340	0.306			1.000		1.000
human	hg38	galGal4	1.166	PEX12	chr17	35574294	35579071	4777	1080	90	30	0.272	0	41	0	0	116	0	0	1080	8474	0.000				0	0	1049	1549	0.000						0.000		0.000
human	hg38	galGal4	1.166	PEX12	chr17	35574294	35579071	4777	1080	150	50	0.272	4	27	0	0	62	150	350	930	8124	0.139	0.300	0.190	0.139	150	350	899	1199	0.143	0.300	0.194	-0.103			0.000		0.157
human	hg38	galGal4	1.166	PEX12	chr17	35574294	35579071	4777	1080	300	100	0.272	9	10	0	0	26	287	1213	793	7261	0.266	0.191	0.222	0.107	287	921	762	628	0.274	0.238	0.254	-0.316			0.000		0.301
human	hg38	galGal4	1.166	PEX12	chr17	35574294	35579071	4777	1080	600	200	0.272	7	6	0	0	8	400	2200	680	6274	0.370	0.154	0.217	0.079	400	1054	649	495	0.381	0.275	0.320	-0.296			0.000		0.419
human	hg38	danRer10	2.068	PEX12	chr17	35574294	35579071	4777	1080	90	30	0.231	0	35	0	0	122	0	0	1080	8474	0.000				0	0	1039	1167	0.000						0.000		0.000
human	hg38	danRer10	2.068	PEX12	chr17	35574294	35579071	4777	1080	150	50	0.231	0	27	0	0	66	0	0	1080	8474	0.000				0	0	1039	1167	0.000						0.000		0.000
human	hg38	danRer10	2.068	PEX12	chr17	35574294	35579071	4777	1080	300	100	0.231	2	15	0	0	28	0	600	1080	7874	0.000	0.000	0.000	-0.092	0	573	1039	594	0.000	0.000	0.000	-0.559			0.000		0.000
human	hg38	danRer10	2.068	PEX12	chr17	35574294	35579071	4777	1080	600	200	0.231	5	8	0	0	8	223	1977	857	6497	0.206	0.101	0.136	-0.020	218	934	821	233	0.210	0.189	0.199	-0.590			1.000		0.102
mouse	mm39	rn6	0.174	Slc22a6	chr19	8594859	8606163	11304	1638	90	30	0.953	0	367	0	0	7	0	0	1638	20970	0.000				0	0	1638	19912	0.000					0.000	0.000	0.000	
mouse	mm39	rn6	0.174	Slc22a6	chr19	8594859	8606163	11304	1638	150	50	0.953	4	220	0	0	0	33	367	1605	20603	0.020	0.083	0.032	0.005	33	354	1605	19558	0.020	0.085	0.033	0.005		0.000	0.042	0.000	
mouse	mm39	rn6	0.174	Slc22a6	chr19	8594859	8606163	11304	1638	300	100	0.953	9	102	0	0	0	215	1885	1423	19085	0.131	0.102	0.115	0.037	215	1859	1423	18053	0.131	0.104	0.116	0.034		0.000	0.000	0.279	
mouse	mm39	rn6	0.174	Slc22a6	chr19	8594859	8606163	11304	1638	600	200	0.953	10	44	0	0	0	531	3869	1107	17101	0.324	0.121	0.176	0.091	531	3691	1107	16221	0.324	0.126	0.181	0.093		0.000	0.407	0.279	
mouse	mm39	hg38	0.524	Slc22a6	chr19	8594859	8606163	11304	1638	90	30	0.690	4	260	0	0	110	251	109	1387	20861	0.153	0.697	0.251	0.307	251	109	1387	13851	0.153	0.697	0.251	0.297		0.000	0.207	0.117	
mouse	mm39	hg38	0.524	Slc22a6	chr19	8594859	8606163	11304	1638	150	50	0.690	15	159	0	0	50	933	617	705	20353	0.570	0.602	0.585	0.554	933	600	705	13360	0.570	0.609	0.588	0.542		0.000	0.602	0.604	
mouse	mm39	hg38	0.524	Slc22a6	chr19	8594859	8606163	11304	1638	300	100	0.690	26	68	0	0	17	1391	3809	247	17161	0.849	0.268	0.407	0.411	1391	3380	247	10580	0.849	0.292	0.434	0.404		1.000	0.945	0.735	
mouse	mm39	hg38	0.524	Slc22a6	chr19	8594859	8606163	11304	1638	600	200	0.690	29	19	0	0	6	1343	10257	295	10713	0.820	0.116	0.203	0.172	1343	8786	295	5174	0.820	0.133	0.228	0.122		0.000	1.000	0.735	
mouse	mm39	canFam4	0.579	Slc22a6	chr19	8594859	8606163	11304	1638	90	30	0.696	3	273	0	0	98	210	0	1428	20970	0.128	1.000	0.227	0.346	210	0	1425	14089	0.128	1.000	0.228	0.342		0.000	0.154	0.117	
mouse	mm39	canFam4	0.579	Slc22a6	chr19	8594859	8606163	11304	1638	150	50	0.696	18	161	0	0	45	1208	592	430	20378	0.737	0.671	0.703	0.679	1208	558	427	13531	0.739	0.684	0.710	0.676		0.000	0.826	0.735	
mouse	mm39	canFam4	0.579	Slc22a6	chr19	8594859	8606163	11304	1638	300	100	0.696	24	75	0	0	12	1070	3530	568	17440	0.653	0.233	0.343	0.312	1070	3094	565	10995	0.654	0.257	0.369	0.301		0.000	0.649	0.735	
mouse	mm39	canFam4	0.579	Slc22a6	chr19	8594859	8606163	11304	1638	600	200	0.696	38	14	0	0	2	1406	13194	232	7776	0.858	0.096	0.173	0.124	1406	9958	229	4131	0.860	0.124	0.216	0.104		0.000	1.000	0.817	
mouse	mm39	galGal6	1.314	Slc22a6	chr19	8594859	8606163	11304	1638	90	30	0.021	0	8	0	0	366	0	0	1638	20970	0.000				0	0	215	269	0.000					0.000	0.000	0.000	
mouse	mm39	galGal6	1.314	Slc22a6	chr19	8594859	8606163	11304	1638	150	50	0.021	0	6	0	0	218	0	0	1638	20970	0.000				0	0	215	269	0.000					0.000	0.000	0.000	
mouse	mm39	galGal6	1.314	Slc22a6	chr19	8594859	8606163	11304	1638	300	100	0.021	2	3	0	0	106	215	185	1423	20785	0.131	0.537	0.211	0.241	215	27	0	242	1.000	0.888	0.941	0.894		0.000	0.000	0.279	
mouse	mm39	galGal6	1.314	Slc22a6	chr19	8594859	8606163	11304	1638	600	200	0.021	3	1	0	0	50	324	676	1314	20294	0.198	0.324	0.246	0.209	215	27	0	242	1.000	0.888	0.941	0.894		0.000	0.140	0.279	
mouse	mm39	rn6	0.174	Lipo1	chr19	33752936	33765352	12416	1200	90	30	0.964	0	405	0	0	6	0	0	1200	23632	0.000				0	0	1200	22744	0.000					0.000	0.000	0.000	
mouse	mm39	rn6	0.174	Lipo1	chr19	33752936	33765352	12416	1200	150	50	0.964	1	245	0	0	0	142	8	1058	23624	0.118	0.947	0.210	0.327	142	8	1058	22736	0.118	0.947	0.210	0.326		0.000	0.201	0.000	
mouse	mm39	rn6	0.174	Lipo1	chr19	33752936	33765352	12416	1200	300	100	0.964	11	111	0	0	0	199	1901	1001	21731	0.166	0.095	0.121	0.066	199	1883	1001	20861	0.166	0.096	0.121	0.064		0.000	0.281	0.000	
mouse	mm39	rn6	0.174	Lipo1	chr19	33752936	33765352	12416	1200	600	200	0.964	17	43	0	0	0	271	5929	929	17703	0.226	0.044	0.073	-0.012	271	5796	929	16948	0.226	0.045	0.075	-0.015		0.296	0.281	0.000	
mouse	mm39	hg38	0.524	Lipo1	chr19	33752936	33765352	12416	1200	90	30	0.128	0	54	0	0	357	0	0	1200	23632	0.000				0	0	1000	2168	0.000					0.000	0.000	0.000	
mouse	mm39	hg38	0.524	Lipo1	chr19	33752936	33765352	12416	1200	150	50	0.128	0	41	0	0	205	0	0	1200	23632	0.000				0	0	1000	2168	0.000					0.000	0.000	0.000	
mouse	mm39	hg38	0.524	Lipo1	chr19	33752936	33765352	12416	1200	300	100	0.128	2	30	0	0	90	199	201	1001	23431	0.166	0.497	0.249	0.268	199	42	801	2126	0.199	0.826	0.321	0.315		0.000	0.281	0.000	
mouse	mm39	hg38	0.524	Lipo1	chr19	33752936	33765352	12416	1200	600	200	0.128	5	23	0	0	32	558	1642	642	21990	0.465	0.254	0.328	0.298	546	367	454	1801	0.546	0.598	0.571	0.387		0.000	0.436	1.000	
mouse	mm39	canFam4	0.579	Lipo1	chr19	33752936	33765352	12416	1200	90	30	0.000	0	0	0	0	411	0	0	1200	23632	0.000				0	0	0	0						0.000	0.000	0.000	
mouse	mm39	canFam4	0.579	Lipo1	chr19	33752936	33765352	12416	1200	150	50	0.000	0	0	0	0	246	0	0	1200	23632	0.000				0	0	0	0						0.000	0.000	0.000	
mouse	mm39	canFam4	0.579	Lipo1	chr19	33752936	33765352	12416	1200	300	100	0.000	0	0	0	0	122	0	0	1200	23632	0.000				0	0	0	0						0.000	0.000	0.000	
mouse	mm39	canFam4	0.579	Lipo1	chr19	33752936	33765352	12416	1200	600	200	0.000	0	0	0	0	60	0	0	1200	23632	0.000				0	0	0	0						0.000	0.000	0.000	
mouse	mm39	galGal6	1.314	Lipo1	chr19	33752936	33765352	12416	1200	90	30	0.072	0	27	0	0	384	0	0	1200	23632	0.000				0	0	740	1046	0.000					0.000	0.000	0.000	
mouse	mm39	galGal6	1.314	Lipo1	chr19	33752936	33765352	12416	1200	150	50	0.072	0	24	0	0	222	0	0	1200	23632	0.000				0	0	740	1046	0.000					0.000	0.000	0.000	
mouse	mm39	galGal6	1.314	Lipo1	chr19	33752936	33765352	12416	1200	300	100	0.072	0	21	0	0	101	0	0	1200	23632	0.000				0	0	740	1046	0.000					0.000	0.000	0.000	
mouse	mm39	galGal6	1.314	Lipo1	chr19	33752936	33765352	12416	1200	600	200	0.072	0	20	0	0	40	0	0	1200	23632	0.000				0	0	740	1046	0.000					0.000	0.000	0.000	
mouse	mm39	rn6	0.174	Rcor2	chr19	7244258	7253090	8832	1599	90	30	0.910	0	260	14	0	18	0	0	1599	16065	0.000				0	0	1599	14477	0.000				0.000	0.000	0.000	0.000	
mouse	mm39	rn6	0.174	Rcor2	chr19	7244258	7253090	8832	1599	150	50	0.910	6	158	5	0	5	394	406	1205	15659	0.246	0.492	0.328	0.305	394	393	1205	14084	0.246	0.501	0.330	0.304	0.000	0.475	0.100	0.263	
mouse	mm39	rn6	0.174	Rcor2	chr19	7244258	7253090	8832	1599	300	100	0.910	9	77	0	0	0	581	1719	1018	14346	0.363	0.253	0.298	0.219	581	1514	1018	12963	0.363	0.277	0.315	0.230	0.315	0.475	0.311	0.347	
mouse	mm39	rn6	0.174	Rcor2	chr19	7244258	7253090	8832	1599	600	200	0.910	9	33	0	0	0	1020	2780	579	13285	0.638	0.268	0.378	0.325	1020	2352	579	12125	0.638	0.302	0.410	0.349	0.661	0.690	0.616	0.619	
mouse	mm39	hg38	0.524	Rcor2	chr19	7244258	7253090	8832	1599	90	30	0.748	14	205	2	0	71	621	189	978	15876	0.388	0.767	0.516	0.517	621	189	978	11422	0.388	0.767	0.516	0.506	0.000	0.139	0.402	0.580	
mouse	mm39	hg38	0.524	Rcor2	chr19	7244258	7253090	8832	1599	150	50	0.748	19	118	0	0	37	1241	409	358	15656	0.776	0.752	0.764	0.740	1241	394	358	11217	0.776	0.759	0.767	0.735	0.000	0.475	0.997	0.986	
mouse	mm39	hg38	0.524	Rcor2	chr19	7244258	7253090	8832	1599	300	100	0.748	25	47	0	0	14	1515	2285	84	13780	0.947	0.399	0.561	0.562	1515	1917	84	9694	0.947	0.441	0.602	0.582	0.661	0.920	1.000	1.000	
mouse	mm39	hg38	0.524	Rcor2	chr19	7244258	7253090	8832	1599	600	200	0.748	19	19	0	0	4	1515	4085	84	11980	0.947	0.271	0.421	0.427	1515	2726	84	8885	0.947	0.357	0.519	0.498	0.661	0.920	1.000	1.000	
mouse	mm39	canFam4	0.579	Rcor2	chr19	7244258	7253090	8832	1599	90	30	0.731	14	202	4	0	72	585	135	1014	15930	0.366	0.812	0.505	0.519	585	130	1014	11175	0.366	0.818	0.506	0.510	0.000	0.139	0.674	0.414	
mouse	mm39	canFam4	0.579	Rcor2	chr19	7244258	7253090	8832	1599	150	50	0.731	21	114	1	0	38	1192	658	407	15407	0.745	0.644	0.691	0.660	1192	539	407	10766	0.745	0.689	0.716	0.675	0.000	0.475	1.000	0.920	
mouse	mm39	canFam4	0.579	Rcor2	chr19	7244258	7253090	8832	1599	300	100	0.731	30	40	0	0	16	1515	3185	84	12880	0.947	0.322	0.481	0.486	1515	2640	84	8665	0.947	0.365	0.527	0.503	0.661	0.920	1.000	1.000	
mouse	mm39	canFam4	0.579	Rcor2	chr19	7244258	7253090	8832	1599	600	200	0.731	19	18	0	0	5	1521	5079	78	10986	0.951	0.230	0.371	0.377	1521	4143	78	7162	0.951	0.269	0.419	0.388	1.000	0.770	1.000	1.000	
mouse	mm39	galGal6	1.314	Rcor2	chr19	7244258	7253090	8832	1599	90	30	0.201	0	59	0	1	232	0	0	1599	16065	0.000				0	0	1286	2260	0.000				0.000	0.000	0.000	0.000	
mouse	mm39	galGal6	1.314	Rcor2	chr19	7244258	7253090	8832	1599	150	50	0.201	3	47	0	0	124	124	326	1475	15739	0.078	0.276	0.121	0.104	123	273	1163	1987	0.096	0.311	0.146	-0.038	0.000	0.000	0.375	0.000	
mouse	mm39	galGal6	1.314	Rcor2	chr19	7244258	7253090	8832	1599	300	100	0.201	12	24	0	0	50	656	1344	943	14721	0.410	0.328	0.365	0.296	559	579	727	1681	0.435	0.491	0.461	0.184	0.315	0.248	0.616	0.414	
mouse	mm39	galGal6	1.314	Rcor2	chr19	7244258	7253090	8832	1599	600	200	0.201	11	15	0	0	16	955	3645	644	12420	0.597	0.208	0.308	0.242	771	1456	515	804	0.600	0.346	0.439	-0.044	0.315	0.451	0.616	0.716	
mouse	mm39	rn6	0.174	Doc2g	chr19	4052884	4057505	4621	1164	90	30	0.918	0	143	0	0	9	0	0	1164	8078	0.000				0	0	1164	7316	0.000				0.000	0.000	0.000	0.000	
mouse	mm39	rn6	0.174	Doc2g	chr19	4052884	4057505	4621	1164	150	50	0.918	0	88	0	0	2	0	0	1164	8078	0.000				0	0	1164	7316	0.000				0.000	0.000	0.000	0.000	
mouse	mm39	rn6	0.174	Doc2g	chr19	4052884	4057505	4621	1164	300	100	0.918	0	44	0	0	0	0	0	1164	8078	0.000				0	0	1164	7316	0.000				0.000	0.000	0.000	0.000	
mouse	mm39	rn6	0.174	Doc2g	chr19	4052884	4057505	4621	1164	600	200	0.918	4	17	0	0	0	637	1363	527	6715	0.547	0.319	0.403	0.305	637	1313	527	6003	0.547	0.327	0.409	0.301	1.000	0.541	0.755	0.000	
mouse	mm39	hg38	0.524	Doc2g	chr19	4052884	4057505	4621	1164	90	30	0.779	3	118	0	0	31	193	17	971	8061	0.166	0.919	0.281	0.364	193	15	967	6027	0.166	0.928	0.282	0.360	0.000	0.242	0.211	0.000	
mouse	mm39	hg38	0.524	Doc2g	chr19	4052884	4057505	4621	1164	150	50	0.779	7	70	0	0	13	578	222	586	7856	0.497	0.723	0.589	0.553	578	215	582	5827	0.498	0.729	0.592	0.543	0.000	0.242	0.501	0.943	
mouse	mm39	hg38	0.524	Doc2g	chr19	4052884	4057505	4621	1164	300	100	0.779	9	32	0	0	3	749	1451	415	6627	0.643	0.340	0.445	0.361	748	1419	412	4623	0.645	0.345	0.450	0.329	0.000	0.541	0.636	0.943	
mouse	mm39	hg38	0.524	Doc2g	chr19	4052884	4057505	4621	1164	600	200	0.779	12	9	0	0	0	1033	2767	131	5311	0.887	0.272	0.416	0.367	1029	2437	131	3605	0.887	0.297	0.445	0.356	1.000	1.000	0.755	1.000	
mouse	mm39	canFam4	0.579	Doc2g	chr19	4052884	4057505	4621	1164	90	30	0.772	6	122	0	0	24	335	25	829	8053	0.288	0.931	0.440	0.488	335	23	820	5954	0.290	0.936	0.443	0.483	0.000	0.242	0.477	0.000	
mouse	mm39	canFam4	0.579	Doc2g	chr19	4052884	4057505	4621	1164	150	50	0.772	9	71	0	0	10	556	394	608	7684	0.478	0.585	0.526	0.469	550	343	605	5634	0.476	0.616	0.537	0.466	0.000	0.459	0.755	0.000	
mouse	mm39	canFam4	0.579	Doc2g	chr19	4052884	4057505	4621	1164	300	100	0.772	9	33	0	0	2	922	878	242	7200	0.792	0.512	0.622	0.573	913	758	242	5219	0.790	0.546	0.646	0.577	1.000	0.707	0.755	0.943	
mouse	mm39	canFam4	0.579	Doc2g	chr19	4052884	4057505	4621	1164	600	200	0.772	8	13	0	0	0	1033	1767	131	6311	0.887	0.369	0.521	0.483	1024	1382	131	4595	0.887	0.426	0.575	0.511	1.000	1.000	0.755	1.000	
mouse	mm39	galGal6	1.314	Doc2g	chr19	4052884	4057505	4621	1164	90	30	0.231	0	37	0	0	115	0	0	1164	8078	0.000				0	0	896	1242	0.000				0.000	0.000	0.000	0.000	
mouse	mm39	galGal6	1.314	Doc2g	chr19	4052884	4057505	4621	1164	150	50	0.231	0	32	0	0	58	0	0	1164	8078	0.000				0	0	896	1242	0.000				0.000	0.000	0.000	0.000	
mouse	mm39	galGal6	1.314	Doc2g	chr19	4052884	4057505	4621	1164	300	100	0.231	1	22	0	0	21	165	135	999	7943	0.142	0.550	0.225	0.234	165	22	731	1220	0.184	0.882	0.305	0.291	0.000	0.248	0.155	0.000	
mouse	mm39	galGal6	1.314	Doc2g	chr19	4052884	4057505	4621	1164	600	200	0.231	1	13	0	0	7	240	360	924	7718	0.206	0.400	0.272	0.218	237	56	659	1186	0.265	0.809	0.399	0.315	0.000	0.248	0.295	0.000	
mouse	mm39	rn6	0.174	Tlx1	chr19	45138653	45145882	7229	1038	90	30	0.960	4	225	8	0	1	150	150	888	13270	0.145	0.500	0.224	0.241	150	150	888	12692	0.145	0.500	0.224	0.240				0.000	0.260
mouse	mm39	rn6	0.174	Tlx1	chr19	45138653	45145882	7229	1038	150	50	0.960	8	133	1	0	0	300	400	738	13020	0.289	0.429	0.345	0.312	300	394	738	12448	0.289	0.432	0.346	0.312				0.000	0.520
mouse	mm39	rn6	0.174	Tlx1	chr19	45138653	45145882	7229	1038	300	100	0.960	12	58	0	0	0	520	2080	518	11340	0.501	0.200	0.286	0.233	520	1997	518	10845	0.501	0.207	0.293	0.236				0.479	0.518
mouse	mm39	rn6	0.174	Tlx1	chr19	45138653	45145882	7229	1038	600	200	0.960	16	18	0	0	0	1038	4562	0	8858	1.000	0.185	0.313	0.350	1038	4326	0	8516	1.000	0.194	0.324	0.358				1.000	1.000
mouse	mm39	hg38	0.524	Tlx1	chr19	45138653	45145882	7229	1038	90	30	0.926	9	223	0	0	6	593	7	445	13413	0.571	0.988	0.724	0.739	584	7	445	12350	0.568	0.988	0.721	0.735				0.505	0.624
mouse	mm39	hg38	0.524	Tlx1	chr19	45138653	45145882	7229	1038	150	50	0.926	16	126	0	0	0	998	202	40	13218	0.961	0.832	0.892	0.886	989	202	40	12155	0.961	0.830	0.891	0.884				0.913	1.000
mouse	mm39	hg38	0.524	Tlx1	chr19	45138653	45145882	7229	1038	300	100	0.926	17	53	0	0	0	1038	2162	0	11258	1.000	0.324	0.490	0.522	1029	2037	0	10320	1.000	0.336	0.503	0.529				1.000	1.000
mouse	mm39	hg38	0.524	Tlx1	chr19	45138653	45145882	7229	1038	600	200	0.926	20	14	0	0	0	1038	6162	0	7258	1.000	0.144	0.252	0.279	1029	5664	0	6693	1.000	0.154	0.267	0.289				1.000	1.000
mouse	mm39	canFam4	0.579	Tlx1	chr19	45138653	45145882	7229	1038	90	30	0.881	12	208	1	0	17	563	97	475	13323	0.542	0.853	0.663	0.662	560	97	475	11602	0.541	0.852	0.662	0.658				0.570	0.520
mouse	mm39	canFam4	0.579	Tlx1	chr19	45138653	45145882	7229	1038	150	50	0.881	14	128	0	0	0	902	98	136	13322	0.869	0.902	0.885	0.877	899	83	136	11616	0.869	0.915	0.891	0.882				0.920	0.828
mouse	mm39	canFam4	0.579	Tlx1	chr19	45138653	45145882	7229	1038	300	100	0.881	18	52	0	0	0	1038	2062	0	11358	1.000	0.335	0.502	0.532	1035	1778	0	9921	1.000	0.368	0.538	0.559				1.000	1.000
mouse	mm39	canFam4	0.579	Tlx1	chr19	45138653	45145882	7229	1038	600	200	0.881	22	12	0	0	0	1038	5562	0	7858	1.000	0.157	0.272	0.303	1035	4834	0	6865	1.000	0.176	0.300	0.322				1.000	1.000
mouse	mm39	galGal6	1.314	Tlx1	chr19	45138653	45145882	7229	1038	90	30	0.186	2	45	0	0	191	120	0	918	13420	0.116	1.000	0.207	0.329	120	0	798	1764	0.131	1.000	0.231	0.300				0.260	0.000
mouse	mm39	galGal6	1.314	Tlx1	chr19	45138653	45145882	7229	1038	150	50	0.186	12	23	0	0	107	735	465	303	12955	0.708	0.613	0.657	0.630	709	354	209	1410	0.772	0.667	0.716	0.555				0.885	0.567
mouse	mm39	galGal6	1.314	Tlx1	chr19	45138653	45145882	7229	1038	300	100	0.186	14	10	0	0	46	1038	1362	0	12058	1.000	0.432	0.604	0.623	918	493	0	1271	1.000	0.651	0.788	0.685				1.000	1.000
mouse	mm39	galGal6	1.314	Tlx1	chr19	45138653	45145882	7229	1038	600	200	0.186	13	5	0	0	16	1038	3562	0	9858	1.000	0.226	0.368	0.407	918	593	0	1171	1.000	0.608	0.756	0.635				1.000	1.000
mouse	mm39	rn6	0.174	Ap5b1	chr19	5617551	5621789	4238	2631	90	30	0.986	9	129	1	0	0	480	90	2151	5755	0.182	0.842	0.300	0.309	480	90	2151	5633	0.182	0.842	0.300	0.307			0.000		0.193
mouse	mm39	rn6	0.174	Ap5b1	chr19	5617551	5621789	4238	2631	150	50	0.986	18	64	0	0	0	1250	300	1381	5545	0.475	0.806	0.598	0.507	1250	300	1381	5423	0.475	0.806	0.598	0.505			0.000		0.504
mouse	mm39	rn6	0.174	Ap5b1	chr19	5617551	5621789	4238	2631	300	100	0.986	18	22	0	0	0	1861	339	770	5506	0.707	0.846	0.770	0.685	1861	339	770	5384	0.707	0.846	0.770	0.683			0.000		0.750
mouse	mm39	rn6	0.174	Ap5b1	chr19	5617551	5621789	4238	2631	600	200	0.986	13	6	0	0	0	2631	369	0	5476	1.000	0.877	0.934	0.906	2631	338	0	5385	1.000	0.886	0.940	0.913			1.000		1.000
mouse	mm39	hg38	0.524	Ap5b1	chr19	5617551	5621789	4238	2631	90	30	0.862	17	108	0	0	14	750	210	1881	5635	0.285	0.781	0.418	0.364	750	208	1877	4469	0.285	0.783	0.418	0.343			0.600		0.266
mouse	mm39	hg38	0.524	Ap5b1	chr19	5617551	5621789	4238	2631	150	50	0.862	37	38	0	0	7	2381	319	250	5526	0.905	0.882	0.893	0.844	2377	308	250	4369	0.905	0.885	0.895	0.835			1.000		0.899
mouse	mm39	hg38	0.524	Ap5b1	chr19	5617551	5621789	4238	2631	300	100	0.862	29	9	0	0	2	2631	769	0	5076	1.000	0.774	0.872	0.820	2627	696	0	3981	1.000	0.791	0.883	0.820			1.000		1.000
mouse	mm39	hg38	0.524	Ap5b1	chr19	5617551	5621789	4238	2631	600	200	0.862	16	3	0	0	0	2631	969	0	4876	1.000	0.731	0.844	0.781	2627	647	0	4030	1.000	0.802	0.890	0.831			1.000		1.000
mouse	mm39	canFam4	0.579	Ap5b1	chr19	5617551	5621789	4238	2631	90	30	0.890	13	117	0	0	9	840	0	1791	5845	0.319	1.000	0.484	0.494	838	0	1785	4917	0.319	1.000	0.484	0.484			0.600		0.302
mouse	mm39	canFam4	0.579	Ap5b1	chr19	5617551	5621789	4238	2631	150	50	0.890	44	34	0	0	4	2461	489	170	5356	0.935	0.834	0.882	0.827	2453	477	170	4440	0.935	0.837	0.883	0.819			1.000		0.931
mouse	mm39	canFam4	0.579	Ap5b1	chr19	5617551	5621789	4238	2631	300	100	0.890	29	10	0	0	1	2631	969	0	4876	1.000	0.731	0.844	0.781	2623	884	0	4033	1.000	0.748	0.856	0.783			1.000		1.000
mouse	mm39	canFam4	0.579	Ap5b1	chr19	5617551	5621789	4238	2631	600	200	0.890	15	4	0	0	0	2631	769	0	5076	1.000	0.774	0.872	0.820	2623	614	0	4303	1.000	0.810	0.895	0.842			1.000		1.000
mouse	mm39	galGal6	1.314	Ap5b1	chr19	5617551	5621789	4238	2631	90	30	0.000	0	0	0	0	139	0	0	2631	5845	0.000				0	0	0	0							0.000		0.000
mouse	mm39	galGal6	1.314	Ap5b1	chr19	5617551	5621789	4238	2631	150	50	0.000	0	0	0	0	82	0	0	2631	5845	0.000				0	0	0	0							0.000		0.000
mouse	mm39	galGal6	1.314	Ap5b1	chr19	5617551	5621789	4238	2631	300	100	0.000	0	0	0	0	40	0	0	2631	5845	0.000				0	0	0	0							0.000		0.000
mouse	mm39	galGal6	1.314	Ap5b1	chr19	5617551	5621789	4238	2631	600	200	0.000	0	0	0	0	19	0	0	2631	5845	0.000				0	0	0	0							0.000		0.000
mouse	mm39	rn6	0.174	Klc2	chr19	5157273	5168826	11553	1911	90	30	0.904	0	351	8	0	24	0	0	1911	21195	0.000				0	0	1909	18983	0.000				0.000	0.000	0.000	0.000	
mouse	mm39	rn6	0.174	Klc2	chr19	5157273	5168826	11553	1911	150	50	0.904	6	213	0	0	10	448	252	1463	20943	0.234	0.640	0.343	0.358	448	249	1461	18734	0.235	0.643	0.344	0.356	0.269	0.061	0.253	0.286	
mouse	mm39	rn6	0.174	Klc2	chr19	5157273	5168826	11553	1911	300	100	0.904	7	106	0	0	0	566	1134	1345	20061	0.296	0.333	0.313	0.256	564	1073	1345	17910	0.295	0.345	0.318	0.256	0.463	0.219	0.277	0.327	
mouse	mm39	rn6	0.174	Klc2	chr19	5157273	5168826	11553	1911	600	200	0.904	11	44	0	0	0	1172	3428	739	17767	0.613	0.255	0.360	0.311	1170	2929	739	16054	0.613	0.285	0.389	0.333	0.463	0.284	1.000	0.327	
mouse	mm39	hg38	0.524	Klc2	chr19	5157273	5168826	11553	1911	90	30	0.765	15	290	0	0	78	800	130	1111	21065	0.419	0.860	0.563	0.578	800	130	1111	15631	0.419	0.860	0.563	0.571	0.000	0.000	0.346	0.761	
mouse	mm39	hg38	0.524	Klc2	chr19	5157273	5168826	11553	1911	150	50	0.765	24	175	0	0	30	1328	772	583	20423	0.695	0.632	0.662	0.631	1328	701	583	15060	0.695	0.655	0.674	0.634	0.000	0.000	0.803	0.993	
mouse	mm39	hg38	0.524	Klc2	chr19	5157273	5168826	11553	1911	300	100	0.765	26	79	0	0	8	1599	3401	312	17794	0.837	0.320	0.463	0.452	1599	3032	312	12729	0.837	0.345	0.489	0.455	0.139	0.781	0.814	1.000	
mouse	mm39	hg38	0.524	Klc2	chr19	5157273	5168826	11553	1911	600	200	0.765	24	29	0	0	2	1640	5760	271	15435	0.858	0.222	0.352	0.346	1640	4452	271	11309	0.858	0.269	0.410	0.376	1.000	0.710	0.777	1.000	
mouse	mm39	canFam4	0.579	Klc2	chr19	5157273	5168826	11553	1911	90	30	0.701	18	256	0	0	109	924	66	987	21129	0.484	0.933	0.637	0.653	924	63	986	14231	0.484	0.936	0.638	0.646	0.000	0.000	0.456	0.812	
mouse	mm39	canFam4	0.579	Klc2	chr19	5157273	5168826	11553	1911	150	50	0.701	23	165	0	0	41	1387	763	524	20432	0.726	0.645	0.683	0.654	1387	651	523	13643	0.726	0.681	0.703	0.662	0.000	0.000	0.937	0.919	
mouse	mm39	canFam4	0.579	Klc2	chr19	5157273	5168826	11553	1911	300	100	0.701	31	70	0	0	12	1784	3116	127	18079	0.934	0.364	0.524	0.530	1783	2519	127	11775	0.934	0.414	0.574	0.553	0.602	0.729	1.000	1.000	
mouse	mm39	canFam4	0.579	Klc2	chr19	5157273	5168826	11553	1911	600	200	0.701	26	25	0	0	4	1827	5573	84	15622	0.956	0.247	0.392	0.409	1826	4195	84	10099	0.956	0.303	0.460	0.442	1.000	0.729	1.000	1.000	
mouse	mm39	galGal6	1.314	Klc2	chr19	5157273	5168826	11553	1911	90	30	0.184	3	71	0	0	309	198	12	1713	21183	0.104	0.943	0.187	0.299	198	6	1509	2549	0.116	0.971	0.207	0.261	0.000	0.000	0.000	0.290	
mouse	mm39	galGal6	1.314	Klc2	chr19	5157273	5168826	11553	1911	150	50	0.184	9	51	0	0	169	675	175	1236	21020	0.353	0.794	0.489	0.505	652	68	1055	2487	0.382	0.906	0.537	0.465	0.000	0.000	0.340	0.585	
mouse	mm39	galGal6	1.314	Klc2	chr19	5157273	5168826	11553	1911	300	100	0.184	16	25	0	0	72	1382	1818	529	19377	0.723	0.432	0.541	0.508	1310	686	397	1869	0.767	0.656	0.708	0.490	0.139	0.081	0.814	1.000	
mouse	mm39	galGal6	1.314	Klc2	chr19	5157273	5168826	11553	1911	600	200	0.184	18	11	0	0	26	1707	5293	204	15902	0.893	0.244	0.383	0.386	1635	1034	72	1521	0.958	0.613	0.747	0.560	0.537	0.668	0.937	1.000	
mouse	mm39	rn6	0.174	Slc22a12	chr19	6585383	6593600	8217	1662	90	30	0.957	0	267	0	0	4	0	0	1662	14772	0.000				0	0	1662	14064	0.000					0.000	0.000	0.000	0.000
mouse	mm39	rn6	0.174	Slc22a12	chr19	6585383	6593600	8217	1662	150	50	0.957	4	158	0	0	0	125	375	1537	14397	0.075	0.250	0.116	0.087	125	374	1537	13690	0.075	0.251	0.116	0.085		0.000	0.161	0.000	0.000
mouse	mm39	rn6	0.174	Slc22a12	chr19	6585383	6593600	8217	1662	300	100	0.957	17	63	0	0	0	838	2662	824	12110	0.504	0.239	0.325	0.239	838	2582	824	11482	0.504	0.245	0.330	0.239		0.000	0.561	0.000	1.000
mouse	mm39	rn6	0.174	Slc22a12	chr19	6585383	6593600	8217	1662	600	200	0.957	14	25	0	0	0	966	4234	696	10538	0.581	0.186	0.282	0.191	966	4049	696	10015	0.581	0.193	0.289	0.193		0.000	0.726	0.000	1.000
mouse	mm39	hg38	0.524	Slc22a12	chr19	6585383	6593600	8217	1662	90	30	0.721	0	207	0	0	64	0	0	1662	14772	0.000				0	0	1662	10184	0.000					0.000	0.000	0.000	0.000
mouse	mm39	hg38	0.524	Slc22a12	chr19	6585383	6593600	8217	1662	150	50	0.721	9	124	0	0	29	460	690	1202	14082	0.277	0.400	0.327	0.272	460	669	1202	9515	0.277	0.407	0.330	0.250		0.000	0.185	0.754	0.000
mouse	mm39	hg38	0.524	Slc22a12	chr19	6585383	6593600	8217	1662	300	100	0.721	19	50	0	0	11	860	2840	802	11932	0.517	0.232	0.321	0.235	860	2585	802	7599	0.517	0.250	0.337	0.202		0.000	0.459	0.487	0.744
mouse	mm39	hg38	0.524	Slc22a12	chr19	6585383	6593600	8217	1662	600	200	0.721	21	16	0	0	2	1494	7306	168	7466	0.899	0.170	0.286	0.244	1494	5675	168	4509	0.899	0.208	0.338	0.243		0.000	0.866	1.000	1.000
mouse	mm39	canFam4	0.579	Slc22a12	chr19	6585383	6593600	8217	1662	90	30	0.608	2	176	0	0	93	120	0	1542	14772	0.072	1.000	0.135	0.256	120	0	1538	8334	0.072	1.000	0.135	0.247		0.000	0.000	0.286	0.000
mouse	mm39	canFam4	0.579	Slc22a12	chr19	6585383	6593600	8217	1662	150	50	0.608	13	109	0	0	40	722	528	940	14244	0.434	0.578	0.496	0.453	722	486	936	7848	0.435	0.598	0.504	0.430		0.000	0.218	0.962	0.373
mouse	mm39	canFam4	0.579	Slc22a12	chr19	6585383	6593600	8217	1662	300	100	0.608	15	50	0	0	15	1142	1858	520	12914	0.687	0.381	0.490	0.438	1142	1299	516	7035	0.689	0.468	0.557	0.461		0.000	0.417	1.000	0.993
mouse	mm39	canFam4	0.579	Slc22a12	chr19	6585383	6593600	8217	1662	600	200	0.608	18	16	0	0	5	1494	5106	168	9666	0.899	0.226	0.362	0.340	1494	3355	164	4979	0.901	0.308	0.459	0.371		0.000	0.866	1.000	1.000
mouse	mm39	galGal6	1.314	Slc22a12	chr19	6585383	6593600	8217	1662	90	30	0.140	0	35	0	0	236	0	0	1662	14772	0.000				0	0	843	1455	0.000					0.000	0.000	0.000	0.000
mouse	mm39	galGal6	1.314	Slc22a12	chr19	6585383	6593600	8217	1662	150	50	0.140	0	33	0	0	129	0	0	1662	14772	0.000				0	0	843	1455	0.000					0.000	0.000	0.000	0.000
mouse	mm39	galGal6	1.314	Slc22a12	chr19	6585383	6593600	8217	1662	300	100	0.140	0	23	0	0	57	0	0	1662	14772	0.000				0	0	843	1455	0.000					0.000	0.000	0.000	0.000
mouse	mm39	galGal6	1.314	Slc22a12	chr19	6585383	6593600	8217	1662	600	200	0.140	1	16	0	0	22	215	385	1447	14387	0.129	0.358	0.190	0.166	215	165	628	1290	0.255	0.566	0.352	0.184		0.000	0.000	0.513	0.000
fly	dm6	droSim2	0.099	CG2991	chr2L	2862036	2869048	7012	1689	90	30	0.972	0	220	9	0	2	0	0	1689	12335	0.000				0	0	1689	11949	0.000					0.000		0.000	0.000
fly	dm6	droSim2	0.099	CG2991	chr2L	2862036	2869048	7012	1689	150	50	0.972	3	135	0	0	0	250	0	1439	12335	0.148	1.000	0.258	0.364	250	0	1439	11949	0.148	1.000	0.258	0.363		0.000		0.000	0.198
fly	dm6	droSim2	0.099	CG2991	chr2L	2862036	2869048	7012	1689	300	100	0.972	9	59	0	0	0	1153	247	536	12088	0.683	0.824	0.747	0.719	1153	237	536	11712	0.683	0.829	0.749	0.722		0.000		1.000	0.651
fly	dm6	droSim2	0.099	CG2991	chr2L	2862036	2869048	7012	1689	600	200	0.972	8	25	0	0	0	1158	842	531	11493	0.686	0.579	0.628	0.575	1158	828	531	11121	0.686	0.583	0.630	0.576		0.000		1.000	0.655
fly	dm6	droYak3	0.228	CG2991	chr2L	2862036	2869048	7012	1689	90	30	0.952	1	225	3	0	2	90	0	1599	12335	0.053	1.000	0.101	0.217	90	0	1599	11659	0.053	1.000	0.101	0.216		0.000		0.000	0.071
fly	dm6	droYak3	0.228	CG2991	chr2L	2862036	2869048	7012	1689	150	50	0.952	13	125	0	0	0	1044	6	645	12329	0.618	0.994	0.762	0.764	1044	6	645	11653	0.618	0.994	0.762	0.763		0.000		0.755	0.629
fly	dm6	droYak3	0.228	CG2991	chr2L	2862036	2869048	7012	1689	300	100	0.952	14	54	0	0	0	1458	442	231	11893	0.863	0.767	0.812	0.787	1458	395	231	11264	0.863	0.787	0.823	0.797		0.000		1.000	0.893
fly	dm6	droYak3	0.228	CG2991	chr2L	2862036	2869048	7012	1689	600	200	0.952	11	22	0	0	0	1689	1511	0	10824	1.000	0.528	0.691	0.681	1689	1375	0	10284	1.000	0.551	0.711	0.697		1.000		1.000	1.000
fly	dm6	droAna3	1.054	CG2991	chr2L	2862036	2869048	7012	1689	90	30	0.664	12	153	0	2	64	690	90	999	12245	0.409	0.885	0.559	0.570	690	90	998	7534	0.409	0.885	0.559	0.552		0.000		0.816	0.333
fly	dm6	droAna3	1.054	CG2991	chr2L	2862036	2869048	7012	1689	150	50	0.664	28	78	0	0	32	1262	688	427	11647	0.747	0.647	0.694	0.650	1261	586	427	7038	0.747	0.683	0.713	0.647		0.948		1.000	0.666
fly	dm6	droAna3	1.054	CG2991	chr2L	2862036	2869048	7012	1689	300	100	0.664	20	35	0	0	13	1395	1605	294	10730	0.826	0.465	0.595	0.552	1394	1280	294	6344	0.826	0.521	0.639	0.560		1.000		1.000	0.767
fly	dm6	droAna3	1.054	CG2991	chr2L	2862036	2869048	7012	1689	600	200	0.664	18	11	0	0	4	1689	3511	0	8824	1.000	0.325	0.490	0.482	1688	2435	0	5189	1.000	0.409	0.581	0.528		1.000		1.000	1.000
fly	dm6	droPse3	1.587	CG2991	chr2L	2862036	2869048	7012	1689	90	30	0.757	19	172	0	0	40	870	180	819	12155	0.515	0.829	0.635	0.619	870	180	819	8745	0.515	0.829	0.635	0.606		0.938		0.725	0.428
fly	dm6	droPse3	1.587	CG2991	chr2L	2862036	2869048	7012	1689	150	50	0.757	31	94	0	0	13	1608	1042	81	11293	0.952	0.607	0.741	0.721	1608	905	81	8020	0.952	0.640	0.765	0.732		1.000		0.849	0.975
fly	dm6	droPse3	1.587	CG2991	chr2L	2862036	2869048	7012	1689	300	100	0.757	21	44	0	0	3	1661	1239	28	11096	0.983	0.573	0.724	0.710	1661	881	28	8044	0.983	0.653	0.785	0.758		1.000		1.000	0.978
fly	dm6	droPse3	1.587	CG2991	chr2L	2862036	2869048	7012	1689	600	200	0.757	17	16	0	0	0	1689	3511	0	8824	1.000	0.325	0.490	0.482	1689	2544	0	6381	1.000	0.399	0.570	0.534		1.000		1.000	1.000
fly	dm6	anoGam3	3.839	CG2991	chr2L	2862036	2869048	7012	1689	90	30	0.231	0	53	0	0	178	0	0	1689	12335	0.000				0	0	1424	1810	0.000					0.000		0.000	0.000
fly	dm6	anoGam3	3.839	CG2991	chr2L	2862036	2869048	7012	1689	150	50	0.231	0	38	0	0	100	0	0	1689	12335	0.000				0	0	1424	1810	0.000					0.000		0.000	0.000
fly	dm6	anoGam3	3.839	CG2991	chr2L	2862036	2869048	7012	1689	300	100	0.231	15	7	0	0	46	836	1864	853	10471	0.495	0.310	0.381	0.284	720	1456	704	354	0.506	0.331	0.400	-0.316		0.573		0.302	0.540
fly	dm6	anoGam3	3.839	CG2991	chr2L	2862036	2869048	7012	1689	600	200	0.231	10	4	0	0	19	1530	2470	159	9865	0.906	0.383	0.538	0.509	1296	1306	128	504	0.910	0.498	0.644	0.236		1.000		0.906	0.899
fly	dm6	droSim2	0.099	Slh	chr2L	2487696	2493171	5475	2062	90	30	0.987	0	158	22	0	0	0	0	2062	8888	0.000				0	0	2062	8742	0.000				0.000		0.000	0.000	0.000
fly	dm6	droSim2	0.099	Slh	chr2L	2487696	2493171	5475	2062	150	50	0.987	0	106	1	0	0	0	0	2062	8888	0.000				0	0	2062	8742	0.000				0.000		0.000	0.000	0.000
fly	dm6	droSim2	0.099	Slh	chr2L	2487696	2493171	5475	2062	300	100	0.987	7	45	0	0	0	1089	111	973	8777	0.528	0.907	0.668	0.645	1089	111	973	8631	0.528	0.907	0.668	0.645	0.000		0.863	0.000	0.680
fly	dm6	droSim2	0.099	Slh	chr2L	2487696	2493171	5475	2062	600	200	0.987	9	16	0	0	0	1920	480	142	8408	0.931	0.800	0.861	0.829	1920	480	142	8262	0.931	0.800	0.861	0.828	1.000		1.000	0.701	1.000
fly	dm6	droYak3	0.228	Slh	chr2L	2487696	2493171	5475	2062	90	30	0.957	3	166	7	0	4	90	120	1972	8768	0.044	0.429	0.079	0.086	90	120	1972	8292	0.044	0.429	0.079	0.083	0.000		0.000	0.000	0.064
fly	dm6	droYak3	0.228	Slh	chr2L	2487696	2493171	5475	2062	150	50	0.957	22	83	1	0	1	1380	470	682	8418	0.669	0.746	0.706	0.643	1380	469	682	7943	0.669	0.746	0.706	0.640	0.000		0.000	0.383	0.856
fly	dm6	droYak3	0.228	Slh	chr2L	2487696	2493171	5475	2062	300	100	0.957	17	35	0	0	0	1770	530	292	8358	0.858	0.770	0.812	0.767	1770	528	292	7884	0.858	0.770	0.812	0.764	0.000		0.237	0.701	1.000
fly	dm6	droYak3	0.228	Slh	chr2L	2487696	2493171	5475	2062	600	200	0.957	10	15	0	0	0	1896	1104	166	7784	0.919	0.632	0.749	0.697	1896	1096	166	7316	0.919	0.634	0.750	0.695	0.143		1.000	0.701	1.000
fly	dm6	droAna3	1.054	Slh	chr2L	2487696	2493171	5475	2062	90	30	0.898	6	162	0	1	11	300	180	1762	8708	0.145	0.625	0.236	0.239	300	180	1762	7588	0.145	0.625	0.236	0.231	0.000		0.000	0.189	0.150
fly	dm6	droAna3	1.054	Slh	chr2L	2487696	2493171	5475	2062	150	50	0.898	34	72	0	0	1	647	1953	1415	6935	0.314	0.249	0.278	0.086	647	1950	1415	5818	0.314	0.249	0.278	0.058	0.000		0.000	0.423	0.319
fly	dm6	droAna3	1.054	Slh	chr2L	2487696	2493171	5475	2062	300	100	0.898	23	29	0	0	0	1156	2644	906	6244	0.561	0.304	0.394	0.216	1156	2617	906	5151	0.561	0.306	0.396	0.187	1.000		1.000	0.701	0.454
fly	dm6	droAna3	1.054	Slh	chr2L	2487696	2493171	5475	2062	600	200	0.898	13	12	0	0	0	1520	3080	542	5808	0.737	0.330	0.456	0.309	1520	2980	542	4788	0.737	0.338	0.463	0.289	1.000		1.000	0.701	0.714
fly	dm6	droPse3	1.587	Slh	chr2L	2487696	2493171	5475	2062	90	30	0.750	22	115	1	0	42	1192	98	870	8790	0.578	0.924	0.711	0.688	1192	98	850	6068	0.584	0.924	0.715	0.674	0.000		0.550	0.442	0.639
fly	dm6	droPse3	1.587	Slh	chr2L	2487696	2493171	5475	2062	150	50	0.750	33	58	0	0	16	1859	291	203	8597	0.902	0.865	0.883	0.855	1854	251	188	5915	0.908	0.881	0.894	0.859	0.000		1.000	0.632	1.000
fly	dm6	droPse3	1.587	Slh	chr2L	2487696	2493171	5475	2062	300	100	0.750	21	28	0	0	3	1896	404	166	8484	0.919	0.824	0.869	0.839	1891	324	151	5842	0.926	0.854	0.888	0.851	0.143		1.000	0.701	1.000
fly	dm6	droPse3	1.587	Slh	chr2L	2487696	2493171	5475	2062	600	200	0.750	12	13	0	0	0	1920	1280	142	7608	0.931	0.600	0.730	0.677	1915	1124	127	5042	0.938	0.630	0.754	0.676	1.000		1.000	0.701	1.000
fly	dm6	anoGam3	3.839	Slh	chr2L	2487696	2493171	5475	2062	90	30	0.373	2	67	0	0	111	180	0	1882	8888	0.087	1.000	0.161	0.268	180	0	1701	2201	0.096	1.000	0.175	0.232	0.000		0.000	0.000	0.129
fly	dm6	anoGam3	3.839	Slh	chr2L	2487696	2493171	5475	2062	150	50	0.373	12	32	0	0	63	800	450	1262	8438	0.388	0.640	0.483	0.415	794	439	1087	1762	0.422	0.644	0.510	0.242	0.000		0.000	0.421	0.429
fly	dm6	anoGam3	3.839	Slh	chr2L	2487696	2493171	5475	2062	300	100	0.373	19	5	0	0	28	994	1906	1068	6982	0.482	0.343	0.401	0.237	969	1689	912	512	0.515	0.365	0.427	-0.264	0.000		0.000	0.000	0.711
fly	dm6	anoGam3	3.839	Slh	chr2L	2487696	2493171	5475	2062	600	200	0.373	11	2	0	0	12	1276	2124	786	6764	0.619	0.375	0.467	0.321	1251	1542	630	659	0.665	0.448	0.535	-0.038	0.000		0.000	0.383	0.782
fly	dm6	droSim2	0.099	CG15385	chr2L	2209073	2213071	3998	1866	90	30	0.993	0	125	6	0	0	0	0	1866	6130	0.000				0	0	1866	6072	0.000					0.000	0.000	0.000	0.000
fly	dm6	droSim2	0.099	CG15385	chr2L	2209073	2213071	3998	1866	150	50	0.993	4	71	2	0	0	449	1	1417	6129	0.241	0.998	0.388	0.441	449	1	1417	6071	0.241	0.998	0.388	0.441		0.000	0.000	0.000	0.372
fly	dm6	droSim2	0.099	CG15385	chr2L	2209073	2213071	3998	1866	300	100	0.993	11	26	0	0	0	882	818	984	5312	0.473	0.519	0.495	0.351	882	814	984	5258	0.473	0.520	0.495	0.350		0.000	0.000	0.000	0.731
fly	dm6	droSim2	0.099	CG15385	chr2L	2209073	2213071	3998	1866	600	200	0.993	8	9	0	0	0	1424	976	442	5154	0.763	0.593	0.668	0.557	1424	969	442	5103	0.763	0.595	0.669	0.558		0.000	1.000	0.240	0.979
fly	dm6	droYak3	0.228	CG15385	chr2L	2209073	2213071	3998	1866	90	30	0.963	3	126	2	0	0	150	0	1716	6130	0.080	1.000	0.149	0.251	150	0	1716	5838	0.080	1.000	0.149	0.249		0.000	0.000	0.000	0.124
fly	dm6	droYak3	0.228	CG15385	chr2L	2209073	2213071	3998	1866	150	50	0.963	17	60	0	0	0	1253	197	613	5933	0.671	0.864	0.756	0.702	1253	196	613	5642	0.671	0.865	0.756	0.699		0.000	1.000	0.356	0.797
fly	dm6	droYak3	0.228	CG15385	chr2L	2209073	2213071	3998	1866	300	100	0.963	13	24	0	0	0	1604	796	262	5334	0.860	0.668	0.752	0.673	1604	735	262	5103	0.860	0.686	0.763	0.684		0.000	0.688	0.713	1.000
fly	dm6	droYak3	0.228	CG15385	chr2L	2209073	2213071	3998	1866	600	200	0.963	8	9	0	0	0	1449	1551	417	4579	0.777	0.483	0.596	0.457	1449	1473	417	4365	0.777	0.496	0.605	0.463		0.000	1.000	0.240	1.000
fly	dm6	droAna3	1.054	CG15385	chr2L	2209073	2213071	3998	1866	90	30	0.788	8	99	0	0	24	390	210	1476	5920	0.209	0.650	0.316	0.281	390	210	1476	4224	0.209	0.650	0.316	0.251		0.000	0.638	0.285	0.149
fly	dm6	droAna3	1.054	CG15385	chr2L	2209073	2213071	3998	1866	150	50	0.788	28	39	0	0	10	1041	1609	825	4521	0.558	0.393	0.461	0.265	1041	1519	825	2915	0.558	0.407	0.470	0.200		1.000	0.000	0.758	0.518
fly	dm6	droAna3	1.054	CG15385	chr2L	2209073	2213071	3998	1866	300	100	0.788	24	10	0	0	3	1468	2532	398	3598	0.787	0.367	0.501	0.316	1468	2209	398	2225	0.787	0.399	0.530	0.267		1.000	1.000	0.767	0.751
fly	dm6	droAna3	1.054	CG15385	chr2L	2209073	2213071	3998	1866	600	200	0.788	13	4	0	0	0	1764	2636	102	3494	0.945	0.401	0.563	0.438	1764	2304	102	2130	0.945	0.434	0.595	0.406		1.000	1.000	0.758	1.000
fly	dm6	droPse3	1.587	CG15385	chr2L	2209073	2213071	3998	1866	90	30	0.677	7	86	0	0	38	227	223	1639	5907	0.122	0.504	0.196	0.157	227	217	1604	3368	0.124	0.511	0.200	0.109		0.000	0.759	0.000	0.099
fly	dm6	droPse3	1.587	CG15385	chr2L	2209073	2213071	3998	1866	150	50	0.677	23	37	0	0	17	1242	708	624	5422	0.666	0.637	0.651	0.542	1212	664	619	2921	0.662	0.646	0.654	0.474		0.000	1.000	0.596	0.704
fly	dm6	droPse3	1.587	CG15385	chr2L	2209073	2213071	3998	1866	300	100	0.677	19	12	0	0	6	1467	1433	399	4697	0.786	0.506	0.616	0.486	1432	1187	399	2398	0.782	0.547	0.644	0.427		0.000	1.000	0.758	0.834
fly	dm6	droPse3	1.587	CG15385	chr2L	2209073	2213071	3998	1866	600	200	0.677	11	4	0	0	2	1764	2036	102	4094	0.945	0.464	0.623	0.519	1729	1611	102	1974	0.944	0.518	0.669	0.482		1.000	1.000	0.758	1.000
fly	dm6	anoGam3	3.839	CG15385	chr2L	2209073	2213071	3998	1866	90	30	0.386	0	51	0	0	80	0	0	1866	6130	0.000				0	0	1471	1615	0.000					0.000	0.000	0.000	0.000
fly	dm6	anoGam3	3.839	CG15385	chr2L	2209073	2213071	3998	1866	150	50	0.386	0	36	0	0	41	0	0	1866	6130	0.000				0	0	1471	1615	0.000					0.000	0.000	0.000	0.000
fly	dm6	anoGam3	3.839	CG15385	chr2L	2209073	2213071	3998	1866	300	100	0.386	3	18	0	0	16	0	500	1866	5630	0.000	0.000	0.000	-0.142	0	383	1471	1232	0.000	0.000	0.000	-0.359		0.000	0.000	0.000	0.000
fly	dm6	anoGam3	3.839	CG15385	chr2L	2209073	2213071	3998	1866	600	200	0.386	7	6	0	0	4	545	2055	1321	4075	0.292	0.210	0.244	-0.039	434	1260	1037	355	0.295	0.256	0.274	-0.487		0.000	0.000	0.000	0.452
fly	dm6	droSim2	0.099	pkaap	chr2L	16287789	16291695	3906	2223	90	30	0.979	0	124	4	0	0	0	0	2223	5589	0.000				0	0	2196	5450	0.000				0.000			0.000	0.000
fly	dm6	droSim2	0.099	pkaap	chr2L	16287789	16291695	3906	2223	150	50	0.979	4	72	0	0	0	350	150	1873	5439	0.157	0.700	0.257	0.241	350	150	1846	5300	0.159	0.700	0.260	0.241	0.000			0.000	0.182
fly	dm6	droSim2	0.099	pkaap	chr2L	16287789	16291695	3906	2223	300	100	0.979	7	30	0	0	0	1038	562	1185	5027	0.467	0.649	0.543	0.410	1026	556	1170	4894	0.467	0.649	0.543	0.408	0.000			0.000	0.540
fly	dm6	droSim2	0.099	pkaap	chr2L	16287789	16291695	3906	2223	600	200	0.979	5	12	0	0	0	1521	879	702	4710	0.684	0.634	0.658	0.515	1521	877	675	4573	0.693	0.634	0.662	0.519	0.000			0.000	0.791
fly	dm6	droYak3	0.228	pkaap	chr2L	16287789	16291695	3906	2223	90	30	0.856	3	112	0	0	13	150	90	2073	5499	0.067	0.625	0.122	0.134	150	90	1849	4601	0.075	0.625	0.134	0.137	0.000			0.000	0.078
fly	dm6	droYak3	0.228	pkaap	chr2L	16287789	16291695	3906	2223	150	50	0.856	24	47	0	0	5	1452	298	771	5291	0.653	0.830	0.731	0.649	1449	296	550	4395	0.725	0.830	0.774	0.690	0.000			0.000	0.755
fly	dm6	droYak3	0.228	pkaap	chr2L	16287789	16291695	3906	2223	300	100	0.856	15	22	0	0	0	1521	179	702	5410	0.684	0.895	0.775	0.713	1518	171	481	4520	0.759	0.899	0.823	0.762	0.000			0.000	0.791
fly	dm6	droYak3	0.228	pkaap	chr2L	16287789	16291695	3906	2223	600	200	0.856	10	7	0	0	0	1616	784	607	4805	0.727	0.673	0.699	0.574	1609	687	390	4004	0.805	0.701	0.749	0.635	0.000			0.000	0.841
fly	dm6	droAna3	1.054	pkaap	chr2L	16287789	16291695	3906	2223	90	30	0.681	1	93	0	1	33	0	90	2223	5499	0.000	0.000	0.000	-0.068	0	90	1794	3436	0.000	0.000	0.000	-0.094	0.000			0.000	0.000
fly	dm6	droAna3	1.054	pkaap	chr2L	16287789	16291695	3906	2223	150	50	0.681	21	38	0	0	17	940	1110	1283	4479	0.423	0.459	0.440	0.230	919	1094	875	2432	0.512	0.457	0.483	0.197	0.000			0.000	0.489
fly	dm6	droAna3	1.054	pkaap	chr2L	16287789	16291695	3906	2223	300	100	0.681	19	12	0	0	6	1063	2137	1160	3452	0.478	0.332	0.392	0.088	1003	2007	791	1519	0.559	0.333	0.418	-0.010	0.000			1.000	0.411
fly	dm6	droAna3	1.054	pkaap	chr2L	16287789	16291695	3906	2223	600	200	0.681	13	4	0	0	0	738	3062	1485	2527	0.332	0.194	0.245	-0.195	684	2658	1110	868	0.381	0.205	0.266	-0.364	1.000			1.000	0.227
fly	dm6	droPse3	1.587	pkaap	chr2L	16287789	16291695	3906	2223	90	30	0.600	1	81	0	0	46	90	0	2133	5589	0.040	1.000	0.078	0.171	90	0	1627	2969	0.052	1.000	0.100	0.184	0.000			0.000	0.047
fly	dm6	droPse3	1.587	pkaap	chr2L	16287789	16291695	3906	2223	150	50	0.600	13	42	0	0	21	750	700	1473	4889	0.337	0.517	0.408	0.246	723	670	994	2299	0.421	0.519	0.465	0.206	0.000			0.000	0.390
fly	dm6	droPse3	1.587	pkaap	chr2L	16287789	16291695	3906	2223	300	100	0.600	16	14	0	0	7	1021	1679	1202	3910	0.459	0.378	0.415	0.151	967	1514	750	1455	0.563	0.390	0.461	0.051	0.000			0.000	0.531
fly	dm6	droPse3	1.587	pkaap	chr2L	16287789	16291695	3906	2223	600	200	0.600	13	3	0	0	1	1469	2931	754	2658	0.661	0.334	0.444	0.124	1329	2077	388	892	0.774	0.390	0.519	0.081	1.000			1.000	0.608
fly	dm6	anoGam3	3.839	pkaap	chr2L	16287789	16291695	3906	2223	90	30	0.381	0	53	0	0	75	0	0	2223	5589	0.000				0	0	1343	1635	0.000				0.000			0.000	0.000
fly	dm6	anoGam3	3.839	pkaap	chr2L	16287789	16291695	3906	2223	150	50	0.381	0	38	0	0	38	0	0	2223	5589	0.000				0	0	1343	1635	0.000				0.000			0.000	0.000
fly	dm6	anoGam3	3.839	pkaap	chr2L	16287789	16291695	3906	2223	300	100	0.381	1	22	0	0	14	0	300	2223	5289	0.000	0.000	0.000	-0.126	0	263	1343	1372	0.000	0.000	0.000	-0.282	0.000			0.000	0.000
fly	dm6	anoGam3	3.839	pkaap	chr2L	16287789	16291695	3906	2223	600	200	0.381	7	5	0	0	5	0	1800	2223	3789	0.000	0.000	0.000	-0.345	0	1338	1343	297	0.000	0.000	0.000	-0.819	0.000			0.000	0.000
fly	dm6	droSim2	0.099	Vha68-1	chr2L	13000269	13004607	4338	2055	90	30	0.993	3	130	9	0	0	210	0	1845	6621	0.102	1.000	0.185	0.283	210	0	1845	6557	0.102	1.000	0.185	0.282		0.000		0.783	0.072
fly	dm6	droSim2	0.099	Vha68-1	chr2L	13000269	13004607	4338	2055	150	50	0.993	9	74	1	0	0	815	35	1240	6586	0.397	0.959	0.561	0.560	815	35	1240	6522	0.397	0.959	0.561	0.559		0.000		1.000	0.418
fly	dm6	droSim2	0.099	Vha68-1	chr2L	13000269	13004607	4338	2055	300	100	0.993	15	26	0	0	0	1666	234	389	6387	0.811	0.877	0.842	0.797	1666	202	389	6355	0.811	0.892	0.849	0.807		0.000		0.000	0.994
fly	dm6	droSim2	0.099	Vha68-1	chr2L	13000269	13004607	4338	2055	600	200	0.993	10	9	0	0	0	2055	945	0	5676	1.000	0.685	0.813	0.766	2055	913	0	5644	1.000	0.692	0.818	0.772		1.000		1.000	1.000
fly	dm6	droYak3	0.228	Vha68-1	chr2L	13000269	13004607	4338	2055	90	30	0.995	11	125	6	0	0	540	180	1515	6441	0.263	0.750	0.389	0.363	540	180	1515	6395	0.263	0.750	0.389	0.363		0.000		0.783	0.268
fly	dm6	droYak3	0.228	Vha68-1	chr2L	13000269	13004607	4338	2055	150	50	0.995	19	64	1	0	0	1440	110	615	6511	0.701	0.929	0.799	0.759	1440	110	615	6465	0.701	0.929	0.799	0.759		0.000		1.000	0.791
fly	dm6	droYak3	0.228	Vha68-1	chr2L	13000269	13004607	4338	2055	300	100	0.995	19	22	0	0	0	1979	421	76	6200	0.963	0.825	0.888	0.855	1979	419	76	6156	0.963	0.825	0.889	0.855		0.712		1.000	1.000
fly	dm6	droYak3	0.228	Vha68-1	chr2L	13000269	13004607	4338	2055	600	200	0.995	12	7	0	0	0	2055	1745	0	4876	1.000	0.541	0.702	0.631	2055	1740	0	4835	1.000	0.542	0.703	0.631		1.000		1.000	1.000
fly	dm6	droAna3	1.054	Vha68-1	chr2L	13000269	13004607	4338	2055	90	30	0.826	25	98	0	0	19	951	429	1104	6192	0.463	0.689	0.554	0.463	951	422	1101	4694	0.463	0.693	0.555	0.438		0.000		0.000	0.567
fly	dm6	droAna3	1.054	Vha68-1	chr2L	13000269	13004607	4338	2055	150	50	0.826	31	44	0	0	9	1441	1159	614	5462	0.701	0.554	0.619	0.488	1441	1109	611	4007	0.702	0.565	0.626	0.458		0.352		0.000	0.804
fly	dm6	droAna3	1.054	Vha68-1	chr2L	13000269	13004607	4338	2055	300	100	0.826	22	18	0	0	1	1628	1572	427	5049	0.792	0.509	0.620	0.489	1625	1316	427	3800	0.792	0.553	0.651	0.491		0.712		1.000	0.791
fly	dm6	droAna3	1.054	Vha68-1	chr2L	13000269	13004607	4338	2055	600	200	0.826	12	7	0	0	0	2055	1945	0	4676	1.000	0.514	0.679	0.602	2052	1438	0	3678	1.000	0.588	0.741	0.650		1.000		1.000	1.000
fly	dm6	droPse3	1.587	Vha68-1	chr2L	13000269	13004607	4338	2055	90	30	0.824	20	98	0	0	24	1011	9	1044	6612	0.492	0.991	0.658	0.648	1011	3	1034	5098	0.494	0.997	0.661	0.640		0.000		0.000	0.603
fly	dm6	droPse3	1.587	Vha68-1	chr2L	13000269	13004607	4338	2055	150	50	0.824	34	45	0	2	3	1657	743	398	5878	0.806	0.690	0.744	0.660	1657	661	388	4440	0.810	0.715	0.760	0.657		0.288		1.000	0.875
fly	dm6	droPse3	1.587	Vha68-1	chr2L	13000269	13004607	4338	2055	300	100	0.824	23	18	0	0	0	1955	1545	100	5076	0.951	0.559	0.704	0.622	1945	1144	100	3957	0.951	0.630	0.758	0.663		1.000		1.000	0.940
fly	dm6	droPse3	1.587	Vha68-1	chr2L	13000269	13004607	4338	2055	600	200	0.824	12	7	0	0	0	2055	1745	0	4876	1.000	0.541	0.702	0.631	2045	1289	0	3812	1.000	0.613	0.760	0.677		1.000		1.000	1.000
fly	dm6	anoGam3	3.839	Vha68-1	chr2L	13000269	13004607	4338	2055	90	30	0.436	11	54	0	0	77	497	313	1558	6308	0.242	0.614	0.347	0.284	497	303	1343	1643	0.270	0.621	0.377	0.140		0.000		0.000	0.297
fly	dm6	anoGam3	3.839	Vha68-1	chr2L	13000269	13004607	4338	2055	150	50	0.436	27	15	0	0	42	997	1153	1058	5468	0.485	0.464	0.474	0.306	995	1023	845	923	0.541	0.493	0.516	0.015		0.000		0.000	0.595
fly	dm6	anoGam3	3.839	Vha68-1	chr2L	13000269	13004607	4338	2055	300	100	0.436	19	6	0	0	16	1418	1782	637	4839	0.690	0.443	0.540	0.371	1413	1456	427	490	0.768	0.493	0.600	0.023		0.352		0.000	0.791
fly	dm6	anoGam3	3.839	Vha68-1	chr2L	13000269	13004607	4338	2055	600	200	0.436	11	3	0	0	5	1845	2155	210	4466	0.898	0.461	0.609	0.488	1840	1308	0	638	1.000	0.584	0.738	0.438		0.640		0.000	1.000
fly	dm6	droSim2	0.099	Sos	chr2L	13813315	13820324	7009	4791	90	30	0.982	1	193	36	0	1	0	90	4791	9137	0.000	0.000	0.000	-0.058	0	90	4788	8894	0.000	0.000	0.000	-0.059	0.000			0.000	0.000
fly	dm6	droSim2	0.099	Sos	chr2L	13813315	13820324	7009	4791	150	50	0.982	5	125	8	0	0	300	350	4491	8877	0.063	0.462	0.110	0.056	300	350	4488	8634	0.063	0.462	0.110	0.053	0.000			0.000	0.068
fly	dm6	droSim2	0.099	Sos	chr2L	13813315	13820324	7009	4791	300	100	0.982	14	54	0	0	0	2390	610	2401	8617	0.499	0.797	0.614	0.500	2390	610	2398	8374	0.499	0.797	0.614	0.498	0.000			0.838	0.476
fly	dm6	droSim2	0.099	Sos	chr2L	13813315	13820324	7009	4791	600	200	0.982	15	18	0	0	0	4055	345	736	8882	0.846	0.922	0.882	0.827	4052	340	736	8644	0.846	0.923	0.883	0.826	0.000			1.000	0.842
fly	dm6	droYak3	0.228	Sos	chr2L	13813315	13820324	7009	4791	90	30	0.965	2	228	1	0	0	120	0	4671	9227	0.025	1.000	0.049	0.129	120	0	4629	8779	0.025	1.000	0.049	0.129	0.000			0.000	0.027
fly	dm6	droYak3	0.228	Sos	chr2L	13813315	13820324	7009	4791	150	50	0.965	39	99	0	0	0	2580	620	2211	8607	0.539	0.806	0.646	0.533	2568	609	2181	8170	0.541	0.808	0.648	0.531	0.000			0.980	0.508
fly	dm6	droYak3	0.228	Sos	chr2L	13813315	13820324	7009	4791	300	100	0.965	41	27	0	0	0	4567	533	224	8694	0.953	0.895	0.923	0.883	4525	504	224	8275	0.953	0.900	0.926	0.884	0.000			1.000	0.959
fly	dm6	droYak3	0.228	Sos	chr2L	13813315	13820324	7009	4791	600	200	0.965	25	8	0	0	0	4791	1009	0	8218	1.000	0.826	0.905	0.858	4749	948	0	7831	1.000	0.834	0.909	0.862	1.000			1.000	1.000
fly	dm6	droAna3	1.054	Sos	chr2L	13813315	13820324	7009	4791	90	30	0.873	9	203	0	0	19	330	300	4461	8927	0.069	0.524	0.122	0.083	330	300	4383	7225	0.070	0.524	0.124	0.066	0.000			0.000	0.075
fly	dm6	droAna3	1.054	Sos	chr2L	13813315	13820324	7009	4791	150	50	0.873	72	56	0	0	10	1429	4071	3362	5156	0.298	0.260	0.278	-0.139	1402	4012	3311	3513	0.297	0.259	0.277	-0.231	0.000			0.559	0.280
fly	dm6	droAna3	1.054	Sos	chr2L	13813315	13820324	7009	4791	300	100	0.873	50	14	0	0	4	2209	4591	2582	4636	0.461	0.325	0.381	-0.035	2140	4403	2573	3122	0.454	0.327	0.380	-0.128	0.000			1.000	0.422
fly	dm6	droAna3	1.054	Sos	chr2L	13813315	13820324	7009	4791	600	200	0.873	27	6	0	0	0	4191	4809	600	4418	0.875	0.466	0.608	0.350	4113	4497	600	3028	0.873	0.478	0.617	0.293	1.000			1.000	0.863
fly	dm6	droPse3	1.587	Sos	chr2L	13813315	13820324	7009	4791	90	30	0.818	15	183	0	0	33	720	330	4071	8897	0.150	0.686	0.247	0.206	720	330	3904	6518	0.156	0.686	0.254	0.183	0.000			0.251	0.144
fly	dm6	droPse3	1.587	Sos	chr2L	13813315	13820324	7009	4791	150	50	0.818	69	55	0	0	14	2947	3553	1844	5674	0.615	0.453	0.522	0.219	2923	3441	1701	3407	0.632	0.459	0.532	0.128	0.000			0.718	0.613
fly	dm6	droPse3	1.587	Sos	chr2L	13813315	13820324	7009	4791	300	100	0.818	48	14	0	0	6	4245	3355	546	5872	0.886	0.559	0.685	0.497	4121	3075	503	3773	0.891	0.573	0.697	0.449	0.000			1.000	0.886
fly	dm6	droPse3	1.587	Sos	chr2L	13813315	13820324	7009	4791	600	200	0.818	29	2	0	0	2	4591	4409	200	4818	0.958	0.510	0.666	0.475	4424	3705	200	3143	0.957	0.544	0.694	0.449	1.000			1.000	0.954
fly	dm6	anoGam3	3.839	Sos	chr2L	13813315	13820324	7009	4791	90	30	0.621	1	145	0	1	84	90	0	4701	9227	0.019	1.000	0.037	0.112	90	0	3977	4635	0.022	1.000	0.043	0.109	0.000			0.000	0.021
fly	dm6	anoGam3	3.839	Sos	chr2L	13813315	13820324	7009	4791	150	50	0.621	13	92	0	0	33	600	550	4191	8677	0.125	0.522	0.202	0.113	595	541	3472	4094	0.146	0.524	0.229	0.044	0.000			0.000	0.137
fly	dm6	anoGam3	3.839	Sos	chr2L	13813315	13820324	7009	4791	300	100	0.621	29	25	0	0	14	1306	3294	3485	5933	0.273	0.284	0.278	-0.085	1225	2875	2842	1760	0.301	0.299	0.300	-0.319	0.000			0.003	0.297
fly	dm6	anoGam3	3.839	Sos	chr2L	13813315	13820324	7009	4791	600	200	0.621	22	6	0	0	5	3055	4345	1736	4882	0.638	0.413	0.501	0.158	2698	3287	1369	1348	0.663	0.451	0.537	-0.049	0.000			1.000	0.614
fly	dm6	droSim2	0.099	CG10026	chr2L	19453755	19458223	4468	900	90	30	0.968	0	144	0	0	2	0	0	900	8036	0.000				0	0	900	7746	0.000				0.000	0.000	0.000	0.000	
fly	dm6	droSim2	0.099	CG10026	chr2L	19453755	19458223	4468	900	150	50	0.968	0	87	0	0	0	0	0	900	8036	0.000				0	0	900	7746	0.000				0.000	0.000	0.000	0.000	
fly	dm6	droSim2	0.099	CG10026	chr2L	19453755	19458223	4468	900	300	100	0.968	0	42	0	0	0	0	0	900	8036	0.000				0	0	900	7746	0.000				0.000	0.000	0.000	0.000	
fly	dm6	droSim2	0.099	CG10026	chr2L	19453755	19458223	4468	900	600	200	0.968	1	19	0	0	0	440	160	460	7876	0.489	0.733	0.587	0.564	440	160	460	7586	0.489	0.733	0.587	0.563	0.000	1.000	0.028	0.962	
fly	dm6	droYak3	0.228	CG10026	chr2L	19453755	19458223	4468	900	90	30	0.909	5	134	0	0	7	270	0	630	8036	0.300	1.000	0.462	0.527	270	0	627	7227	0.301	1.000	0.463	0.526	0.000	0.000	0.000	0.783	
fly	dm6	droYak3	0.228	CG10026	chr2L	19453755	19458223	4468	900	150	50	0.909	8	77	0	0	2	511	89	389	7947	0.568	0.852	0.681	0.669	511	77	386	7150	0.570	0.869	0.688	0.676	0.000	0.000	0.392	0.962	
fly	dm6	droYak3	0.228	CG10026	chr2L	19453755	19458223	4468	900	300	100	0.909	9	33	0	0	0	711	589	189	7447	0.790	0.547	0.646	0.612	708	541	189	6686	0.789	0.567	0.660	0.621	0.000	0.726	0.650	1.000	
fly	dm6	droYak3	0.228	CG10026	chr2L	19453755	19458223	4468	900	600	200	0.909	7	13	0	0	0	897	903	3	7133	0.997	0.498	0.664	0.664	894	839	3	6388	0.997	0.516	0.680	0.674	0.000	1.000	1.000	1.000	
fly	dm6	droAna3	1.054	CG10026	chr2L	19453755	19458223	4468	900	90	30	0.849	1	134	0	1	10	90	0	810	8036	0.100	1.000	0.182	0.301	90	0	810	6688	0.100	1.000	0.182	0.299	0.000	0.000	0.000	0.261	
fly	dm6	droAna3	1.054	CG10026	chr2L	19453755	19458223	4468	900	150	50	0.849	9	78	0	0	0	388	562	512	7474	0.431	0.408	0.419	0.353	388	556	512	6132	0.431	0.411	0.421	0.341	0.000	0.000	0.602	0.328	
fly	dm6	droAna3	1.054	CG10026	chr2L	19453755	19458223	4468	900	300	100	0.849	9	33	0	0	0	718	882	182	7154	0.798	0.449	0.574	0.540	718	755	182	5933	0.798	0.487	0.605	0.560	0.000	1.000	0.897	0.617	
fly	dm6	droAna3	1.054	CG10026	chr2L	19453755	19458223	4468	900	600	200	0.849	7	13	0	0	0	900	1500	0	6536	1.000	0.375	0.545	0.552	900	1259	0	5429	1.000	0.417	0.588	0.582	1.000	1.000	1.000	1.000	
fly	dm6	droPse3	1.587	CG10026	chr2L	19453755	19458223	4468	900	90	30	0.606	2	96	0	1	47	120	0	780	8036	0.133	1.000	0.235	0.349	120	0	779	4519	0.133	1.000	0.236	0.337	0.000	0.000	0.000	0.348	
fly	dm6	droPse3	1.587	CG10026	chr2L	19453755	19458223	4468	900	150	50	0.606	7	58	0	0	22	313	337	587	7699	0.348	0.482	0.404	0.354	313	293	586	4226	0.348	0.517	0.416	0.334	0.000	0.000	0.000	0.907	
fly	dm6	droPse3	1.587	CG10026	chr2L	19453755	19458223	4468	900	300	100	0.606	11	25	0	0	6	678	1722	222	6314	0.753	0.282	0.411	0.366	677	1427	222	3092	0.753	0.322	0.451	0.334	0.000	0.274	0.742	0.907	
fly	dm6	droPse3	1.587	CG10026	chr2L	19453755	19458223	4468	900	600	200	0.606	9	11	0	0	0	900	3300	0	4736	1.000	0.214	0.353	0.355	899	2561	0	1958	1.000	0.260	0.412	0.336	1.000	1.000	1.000	1.000	
fly	dm6	anoGam3	3.839	CG10026	chr2L	19453755	19458223	4468	900	90	30	0.157	0	22	0	0	124	0	0	900	8036	0.000				0	0	507	895	0.000				0.000	0.000	0.000	0.000	
fly	dm6	anoGam3	3.839	CG10026	chr2L	19453755	19458223	4468	900	150	50	0.157	0	18	0	0	69	0	0	900	8036	0.000				0	0	507	895	0.000				0.000	0.000	0.000	0.000	
fly	dm6	anoGam3	3.839	CG10026	chr2L	19453755	19458223	4468	900	300	100	0.157	0	11	0	0	31	0	0	900	8036	0.000				0	0	507	895	0.000				0.000	0.000	0.000	0.000	
fly	dm6	anoGam3	3.839	CG10026	chr2L	19453755	19458223	4468	900	600	200	0.157	2	6	0	0	12	472	728	428	7308	0.524	0.393	0.450	0.383	384	471	123	424	0.757	0.449	0.564	0.228	0.000	0.000	0.567	0.617	
fly	dm6	droSim2	0.099	Usp14	chr2L	10311764	10314896	3132	1608	90	30	0.990	0	95	7	0	0	0	0	1608	4656	0.000				0	0	1608	4596	0.000				0.000	0.000	0.000	0.000	0.000
fly	dm6	droSim2	0.099	Usp14	chr2L	10311764	10314896	3132	1608	150	50	0.990	0	60	0	0	0	0	0	1608	4656	0.000				0	0	1608	4596	0.000				0.000	0.000	0.000	0.000	0.000
fly	dm6	droSim2	0.099	Usp14	chr2L	10311764	10314896	3132	1608	300	100	0.990	2	27	0	0	0	359	41	1249	4615	0.223	0.897	0.358	0.383	359	39	1249	4557	0.223	0.902	0.358	0.384	0.000	0.000	0.000	0.937	0.000
fly	dm6	droSim2	0.099	Usp14	chr2L	10311764	10314896	3132	1608	600	200	0.990	4	9	0	0	0	1081	519	527	4137	0.672	0.676	0.674	0.562	1081	503	527	4093	0.672	0.682	0.677	0.566	0.000	0.045	0.284	1.000	0.963
fly	dm6	droYak3	0.228	Usp14	chr2L	10311764	10314896	3132	1608	90	30	0.944	3	94	0	0	5	90	120	1518	4536	0.056	0.429	0.099	0.073	90	120	1518	4188	0.056	0.429	0.099	0.068	0.000	0.000	0.000	0.235	0.000
fly	dm6	droYak3	0.228	Usp14	chr2L	10311764	10314896	3132	1608	150	50	0.944	8	51	0	0	1	524	426	1084	4230	0.326	0.552	0.410	0.285	524	426	1084	3882	0.326	0.552	0.410	0.275	0.000	0.000	0.000	0.454	0.642
fly	dm6	droYak3	0.228	Usp14	chr2L	10311764	10314896	3132	1608	300	100	0.944	10	19	0	0	0	987	713	621	3943	0.614	0.581	0.597	0.453	987	685	621	3623	0.614	0.590	0.602	0.449	0.000	0.045	0.127	1.000	0.963
fly	dm6	droYak3	0.228	Usp14	chr2L	10311764	10314896	3132	1608	600	200	0.944	9	4	0	0	0	1428	1572	180	3084	0.888	0.476	0.620	0.481	1428	1455	180	2853	0.888	0.495	0.636	0.490	1.000	1.000	0.732	1.000	0.963
fly	dm6	droAna3	1.054	Usp14	chr2L	10311764	10314896	3132	1608	90	30	0.868	5	85	0	1	11	210	120	1398	4536	0.131	0.636	0.217	0.205	210	116	1392	3718	0.131	0.644	0.218	0.194	0.000	0.000	0.151	0.313	0.000
fly	dm6	droAna3	1.054	Usp14	chr2L	10311764	10314896	3132	1608	150	50	0.868	19	38	0	0	3	406	1344	1202	3312	0.252	0.232	0.242	-0.035	406	1318	1196	2516	0.253	0.235	0.244	-0.088	0.000	0.000	0.209	0.522	0.149
fly	dm6	droAna3	1.054	Usp14	chr2L	10311764	10314896	3132	1608	300	100	0.868	17	12	0	0	0	1083	2017	525	2639	0.674	0.349	0.460	0.210	1077	1908	525	1926	0.672	0.361	0.470	0.160	1.000	1.000	1.000	0.676	0.264
fly	dm6	droAna3	1.054	Usp14	chr2L	10311764	10314896	3132	1608	600	200	0.868	12	1	0	0	0	1608	1992	0	2664	1.000	0.447	0.618	0.506	1602	1690	0	2144	1.000	0.487	0.655	0.522	1.000	1.000	1.000	1.000	1.000
fly	dm6	droPse3	1.587	Usp14	chr2L	10311764	10314896	3132	1608	90	30	0.000	0	0	0	0	102	0	0	1608	4656	0.000				0	0	0	0					0.000	0.000	0.000	0.000	0.000
fly	dm6	droPse3	1.587	Usp14	chr2L	10311764	10314896	3132	1608	150	50	0.000	0	0	0	0	60	0	0	1608	4656	0.000				0	0	0	0					0.000	0.000	0.000	0.000	0.000
fly	dm6	droPse3	1.587	Usp14	chr2L	10311764	10314896	3132	1608	300	100	0.000	0	0	0	0	29	0	0	1608	4656	0.000				0	0	0	0					0.000	0.000	0.000	0.000	0.000
fly	dm6	droPse3	1.587	Usp14	chr2L	10311764	10314896	3132	1608	600	200	0.000	0	0	0	0	13	0	0	1608	4656	0.000				0	0	0	0					0.000	0.000	0.000	0.000	0.000
fly	dm6	anoGam3	3.839	Usp14	chr2L	10311764	10314896	3132	1608	90	30	0.485	0	51	0	0	51	0	0	1608	4656	0.000				0	0	1348	1688	0.000				0.000	0.000	0.000	0.000	0.000
fly	dm6	anoGam3	3.839	Usp14	chr2L	10311764	10314896	3132	1608	150	50	0.485	0	35	0	0	25	0	0	1608	4656	0.000				0	0	1348	1688	0.000				0.000	0.000	0.000	0.000	0.000
fly	dm6	anoGam3	3.839	Usp14	chr2L	10311764	10314896	3132	1608	300	100	0.485	9	12	0	0	8	565	1335	1043	3321	0.351	0.297	0.322	0.061	534	1022	814	666	0.396	0.343	0.368	-0.208	0.000	0.000	0.344	0.937	0.000
fly	dm6	anoGam3	3.839	Usp14	chr2L	10311764	10314896	3132	1608	600	200	0.485	8	4	0	0	1	1247	1353	361	3303	0.775	0.480	0.593	0.430	1177	698	171	990	0.873	0.628	0.730	0.470	1.000	1.000	0.732	1.000	0.631
worm	ce11	C_briggsae	1.306	Y45F3A.4	chrIII	10571944	10575920	3976	444	90	30	0.502	3	63	0	0	64	120	90	324	7418	0.270	0.571	0.367	0.370	120	86	324	3464	0.270	0.583	0.369	0.350		0.000	0.432		
worm	ce11	C_briggsae	1.306	Y45F3A.4	chrIII	10571944	10575920	3976	444	150	50	0.502	2	52	0	0	23	145	55	299	7453	0.327	0.725	0.450	0.468	145	29	299	3521	0.327	0.833	0.469	0.490		0.000	0.522		
worm	ce11	C_briggsae	1.306	Y45F3A.4	chrIII	10571944	10575920	3976	444	300	100	0.502	5	27	0	0	5	311	789	133	6719	0.700	0.283	0.403	0.396	311	359	133	3191	0.700	0.464	0.558	0.504		1.000	0.522		
worm	ce11	C_briggsae	1.306	Y45F3A.4	chrIII	10571944	10575920	3976	444	600	200	0.502	10	7	0	0	0	444	2956	0	4552	1.000	0.131	0.231	0.281	444	1361	0	2189	1.000	0.246	0.395	0.389		1.000	1.000		
worm	ce11	caeRem4	1.137	Y45F3A.4	chrIII	10571944	10575920	3976	444	90	30	0.362	2	44	0	2	82	0	120	444	7388	0.000	0.000	0.000	-0.030	0	117	444	2321	0.000	0.000	0.000	-0.088		0.000	0.000		
worm	ce11	caeRem4	1.137	Y45F3A.4	chrIII	10571944	10575920	3976	444	150	50	0.362	2	35	0	1	39	145	55	299	7453	0.327	0.725	0.450	0.468	145	30	299	2408	0.327	0.829	0.468	0.475		0.000	0.522		
worm	ce11	caeRem4	1.137	Y45F3A.4	chrIII	10571944	10575920	3976	444	300	100	0.362	3	18	0	0	16	145	355	299	7153	0.327	0.290	0.307	0.264	145	131	299	2307	0.327	0.525	0.403	0.335		0.000	0.522		
worm	ce11	caeRem4	1.137	Y45F3A.4	chrIII	10571944	10575920	3976	444	600	200	0.362	7	7	0	0	3	363	2637	81	4871	0.818	0.121	0.211	0.221	363	1275	81	1163	0.818	0.222	0.349	0.215		0.512	1.000		
worm	ce11	caeJap4	1.121	Y45F3A.4	chrIII	10571944	10575920	3976	444	90	30	0.494	0	67	0	0	63	0	0	444	7508	0.000				0	0	441	3487	0.000					0.000	0.000		
worm	ce11	caeJap4	1.121	Y45F3A.4	chrIII	10571944	10575920	3976	444	150	50	0.494	0	47	0	0	30	0	0	444	7508	0.000				0	0	441	3487	0.000					0.000	0.000		
worm	ce11	caeJap4	1.121	Y45F3A.4	chrIII	10571944	10575920	3976	444	300	100	0.494	3	23	0	0	11	278	422	166	7086	0.626	0.397	0.486	0.462	275	342	166	3145	0.624	0.446	0.520	0.456		0.000	1.000		
worm	ce11	caeJap4	1.121	Y45F3A.4	chrIII	10571944	10575920	3976	444	600	200	0.494	5	9	0	0	3	340	1860	104	5648	0.766	0.155	0.257	0.266	337	987	104	2500	0.764	0.255	0.382	0.321		0.373	1.000		
worm	ce11	caeAng2	1.249	Y45F3A.4	chrIII	10571944	10575920	3976	444	90	30	0.368	0	53	0	0	77	0	0	444	7508	0.000				0	0	210	2716	0.000					0.000	0.000		
worm	ce11	caeAng2	1.249	Y45F3A.4	chrIII	10571944	10575920	3976	444	150	50	0.368	0	33	0	0	44	0	0	444	7508	0.000				0	0	210	2716	0.000					0.000	0.000		
worm	ce11	caeAng2	1.249	Y45F3A.4	chrIII	10571944	10575920	3976	444	300	100	0.368	0	18	0	0	19	0	0	444	7508	0.000				0	0	210	2716	0.000					0.000	0.000		
worm	ce11	caeAng2	1.249	Y45F3A.4	chrIII	10571944	10575920	3976	444	600	200	0.368	1	9	0	0	7	85	515	359	6993	0.191	0.142	0.163	0.107	85	397	125	2319	0.405	0.176	0.246	0.180		0.512	0.000		
worm	ce11	C_briggsae	1.306	clp-2	chrIII	4699824	4704554	4730	2868	90	30	0.772	0	126	0	0	29	0	0	2868	6592	0.000				0	0	2830	4470	0.000					0.000	0.000	0.000	0.000
worm	ce11	C_briggsae	1.306	clp-2	chrIII	4699824	4704554	4730	2868	150	50	0.772	17	65	0	1	9	101	1549	2767	5043	0.035	0.061	0.045	-0.242	101	1462	2729	3008	0.036	0.065	0.046	-0.346		0.000	0.000	0.057	0.000
worm	ce11	C_briggsae	1.306	clp-2	chrIII	4699824	4704554	4730	2868	300	100	0.772	27	16	0	0	2	1717	3883	1151	2709	0.599	0.307	0.406	0.009	1702	3062	1128	1408	0.601	0.357	0.448	-0.086		0.319	0.893	0.654	0.361
worm	ce11	C_briggsae	1.306	clp-2	chrIII	4699824	4704554	4730	2868	600	200	0.772	20	1	0	0	0	2627	3973	241	2619	0.916	0.398	0.555	0.314	2593	2518	237	1952	0.916	0.507	0.653	0.375		0.587	1.000	1.000	0.732
worm	ce11	caeRem4	1.137	clp-2	chrIII	4699824	4704554	4730	2868	90	30	0.840	2	137	0	2	14	175	5	2693	6587	0.061	0.972	0.115	0.203	175	3	2660	5104	0.062	0.983	0.116	0.198		0.000	0.261	0.051	0.000
worm	ce11	caeRem4	1.137	clp-2	chrIII	4699824	4704554	4730	2868	150	50	0.840	15	75	0	0	2	150	1450	2718	5142	0.052	0.094	0.067	-0.206	147	1440	2688	3667	0.052	0.093	0.066	-0.276		0.000	0.000	0.085	0.000
worm	ce11	caeRem4	1.137	clp-2	chrIII	4699824	4704554	4730	2868	300	100	0.840	27	18	0	0	0	1752	3448	1116	3144	0.611	0.337	0.434	0.081	1726	2883	1109	2224	0.609	0.374	0.464	0.043		0.268	1.000	0.661	0.361
worm	ce11	caeRem4	1.137	clp-2	chrIII	4699824	4704554	4730	2868	600	200	0.840	19	2	0	0	0	2627	2973	241	3619	0.916	0.469	0.620	0.435	2598	2128	237	2979	0.916	0.550	0.687	0.488		0.587	1.000	1.000	0.732
worm	ce11	caeJap4	1.121	clp-2	chrIII	4699824	4704554	4730	2868	90	30	0.777	0	128	0	0	27	0	0	2868	6592	0.000				0	0	2794	4560	0.000					0.000	0.000	0.000	0.000
worm	ce11	caeJap4	1.121	clp-2	chrIII	4699824	4704554	4730	2868	150	50	0.777	7	75	0	0	10	150	550	2718	6042	0.052	0.214	0.084	-0.055	147	534	2647	4026	0.053	0.216	0.085	-0.108		0.000	0.000	0.000	0.279
worm	ce11	caeJap4	1.121	clp-2	chrIII	4699824	4704554	4730	2868	300	100	0.777	21	24	0	0	0	1039	3061	1829	3531	0.362	0.253	0.298	-0.095	1022	2538	1772	2022	0.366	0.287	0.322	-0.185		0.268	0.706	0.303	0.390
worm	ce11	caeJap4	1.121	clp-2	chrIII	4699824	4704554	4730	2868	600	200	0.777	20	1	0	0	0	2474	4926	394	1666	0.863	0.334	0.482	0.128	2406	3705	388	855	0.861	0.394	0.540	0.063		0.587	1.000	0.961	0.576
worm	ce11	caeAng2	1.249	clp-2	chrIII	4699824	4704554	4730	2868	90	30	0.710	0	116	0	1	38	0	0	2868	6592	0.000				0	0	2556	4160	0.000					0.000	0.000	0.000	0.000
worm	ce11	caeAng2	1.249	clp-2	chrIII	4699824	4704554	4730	2868	150	50	0.710	2	76	0	0	14	150	150	2718	6442	0.052	0.500	0.095	0.077	150	150	2406	4010	0.059	0.500	0.105	0.053		0.000	0.000	0.000	0.279
worm	ce11	caeAng2	1.249	clp-2	chrIII	4699824	4704554	4730	2868	300	100	0.710	12	32	0	0	1	818	1782	2050	4810	0.285	0.315	0.299	0.015	791	1535	1765	2625	0.309	0.340	0.324	-0.061		0.000	0.399	0.270	0.390
worm	ce11	caeAng2	1.249	clp-2	chrIII	4699824	4704554	4730	2868	600	200	0.710	16	5	0	0	0	1917	4283	951	2309	0.668	0.309	0.423	0.018	1779	2890	777	1270	0.696	0.381	0.492	0.001		0.587	0.506	0.656	0.844
worm	ce11	C_briggsae	1.306	C40H1.7	chrIII	9324523	9327543	3020	1351	90	30	0.738	0	76	0	2	20	0	0	1351	4689	0.000				0	0	1242	3214	0.000					0.000	0.000	0.000	
worm	ce11	C_briggsae	1.306	C40H1.7	chrIII	9324523	9327543	3020	1351	150	50	0.738	5	48	0	1	4	150	400	1201	4289	0.111	0.273	0.158	0.037	150	383	1092	2831	0.121	0.281	0.169	0.002		0.000	0.167	0.000	
worm	ce11	C_briggsae	1.306	C40H1.7	chrIII	9324523	9327543	3020	1351	300	100	0.738	6	22	0	0	0	468	1132	883	3557	0.346	0.292	0.317	0.099	468	923	774	2291	0.377	0.336	0.355	0.087		0.283	0.449	0.000	
worm	ce11	C_briggsae	1.306	C40H1.7	chrIII	9324523	9327543	3020	1351	600	200	0.738	7	6	0	0	0	1035	1965	316	2724	0.766	0.345	0.476	0.289	998	1139	244	2075	0.804	0.467	0.591	0.403		0.283	0.839	0.973	
worm	ce11	caeRem4	1.137	C40H1.7	chrIII	9324523	9327543	3020	1351	90	30	0.688	0	69	0	0	29	0	0	1351	4689	0.000				0	0	1285	2869	0.000					0.000	0.000	0.000	
worm	ce11	caeRem4	1.137	C40H1.7	chrIII	9324523	9327543	3020	1351	150	50	0.688	6	42	0	0	10	302	298	1049	4391	0.224	0.503	0.310	0.223	302	228	983	2641	0.235	0.570	0.333	0.216		0.000	0.336	0.000	
worm	ce11	caeRem4	1.137	C40H1.7	chrIII	9324523	9327543	3020	1351	300	100	0.688	8	18	0	0	2	812	788	539	3901	0.601	0.507	0.550	0.409	799	367	486	2502	0.622	0.685	0.652	0.508		0.517	0.772	0.000	
worm	ce11	caeRem4	1.137	C40H1.7	chrIII	9324523	9327543	3020	1351	600	200	0.688	11	2	0	0	0	1128	2272	223	2417	0.835	0.332	0.475	0.294	1068	1159	217	1710	0.831	0.480	0.608	0.396		1.000	1.000	0.000	
worm	ce11	caeJap4	1.121	C40H1.7	chrIII	9324523	9327543	3020	1351	90	30	0.750	0	79	0	0	19	0	0	1351	4689	0.000				0	0	1234	3298	0.000					0.000	0.000	0.000	
worm	ce11	caeJap4	1.121	C40H1.7	chrIII	9324523	9327543	3020	1351	150	50	0.750	0	54	0	0	4	0	0	1351	4689	0.000				0	0	1234	3298	0.000					0.000	0.000	0.000	
worm	ce11	caeJap4	1.121	C40H1.7	chrIII	9324523	9327543	3020	1351	300	100	0.750	0	28	0	0	0	0	0	1351	4689	0.000				0	0	1234	3298	0.000					0.000	0.000	0.000	
worm	ce11	caeJap4	1.121	C40H1.7	chrIII	9324523	9327543	3020	1351	600	200	0.750	4	9	0	0	0	528	1272	823	3417	0.391	0.293	0.335	0.109	509	912	725	2386	0.412	0.358	0.383	0.130		0.000	0.346	0.973	
worm	ce11	caeAng2	1.249	C40H1.7	chrIII	9324523	9327543	3020	1351	90	30	0.439	0	47	0	0	51	0	0	1351	4689	0.000				0	0	754	1898	0.000					0.000	0.000	0.000	
worm	ce11	caeAng2	1.249	C40H1.7	chrIII	9324523	9327543	3020	1351	150	50	0.439	0	32	0	0	26	0	0	1351	4689	0.000				0	0	754	1898	0.000					0.000	0.000	0.000	
worm	ce11	caeAng2	1.249	C40H1.7	chrIII	9324523	9327543	3020	1351	300	100	0.439	0	20	0	0	8	0	0	1351	4689	0.000				0	0	754	1898	0.000					0.000	0.000	0.000	
worm	ce11	caeAng2	1.249	C40H1.7	chrIII	9324523	9327543	3020	1351	600	200	0.439	2	9	0	0	2	316	884	1035	3805	0.234	0.263	0.248	0.047	246	574	508	1324	0.326	0.300	0.313	0.023		0.283	0.280	0.000	
worm	ce11	C_briggsae	1.306	C50C3.2	chrIII	8181380	8189872	8492	6711	90	30	0.838	0	247	0	0	34	0	0	6711	10273	0.000				0	0	6596	7644	0.000				0.000		0.000	0.000	0.000
worm	ce11	C_briggsae	1.306	C50C3.2	chrIII	8181380	8189872	8492	6711	150	50	0.838	9	141	0	0	17	0	1000	6711	9273	0.000	0.000	0.000	-0.202	0	982	6596	6662	0.000	0.000	0.000	-0.253	0.000		0.000	0.000	0.000
worm	ce11	C_briggsae	1.306	C50C3.2	chrIII	8181380	8189872	8492	6711	300	100	0.838	43	33	0	0	6	1146	5554	5565	4719	0.171	0.171	0.171	-0.370	1140	5279	5456	2365	0.173	0.178	0.175	-0.519	0.000		0.399	0.279	0.136
worm	ce11	C_briggsae	1.306	C50C3.2	chrIII	8181380	8189872	8492	6711	600	200	0.838	34	5	0	0	1	3867	7533	2844	2740	0.576	0.339	0.427	-0.163	3788	6908	2808	736	0.574	0.354	0.438	-0.380	1.000		1.000	0.866	0.492
worm	ce11	caeRem4	1.137	C50C3.2	chrIII	8181380	8189872	8492	6711	90	30	0.887	0	262	0	1	18	0	0	6711	10273	0.000				0	0	6631	8435	0.000				0.000		0.000	0.000	0.000
worm	ce11	caeRem4	1.137	C50C3.2	chrIII	8181380	8189872	8492	6711	150	50	0.887	8	153	0	0	6	101	799	6610	9474	0.015	0.112	0.027	-0.137	101	752	6530	7683	0.015	0.118	0.027	-0.159	0.000		0.000	0.000	0.019
worm	ce11	caeRem4	1.137	C50C3.2	chrIII	8181380	8189872	8492	6711	300	100	0.887	48	32	0	0	2	1890	6110	4821	4163	0.282	0.236	0.257	-0.307	1870	5802	4761	2633	0.282	0.244	0.261	-0.403	0.000		0.484	0.408	0.248
worm	ce11	caeRem4	1.137	C50C3.2	chrIII	8181380	8189872	8492	6711	600	200	0.887	37	3	0	0	0	4048	8152	2663	2121	0.603	0.332	0.428	-0.207	3995	7295	2636	1140	0.602	0.354	0.446	-0.301	1.000		1.000	0.624	0.563
worm	ce11	caeJap4	1.121	C50C3.2	chrIII	8181380	8189872	8492	6711	90	30	0.000	0	0	0	0	281	0	0	6711	10273	0.000				0	0	0	0					0.000		0.000	0.000	0.000
worm	ce11	caeJap4	1.121	C50C3.2	chrIII	8181380	8189872	8492	6711	150	50	0.000	0	0	0	0	167	0	0	6711	10273	0.000				0	0	0	0					0.000		0.000	0.000	0.000
worm	ce11	caeJap4	1.121	C50C3.2	chrIII	8181380	8189872	8492	6711	300	100	0.000	0	0	0	0	82	0	0	6711	10273	0.000				0	0	0	0					0.000		0.000	0.000	0.000
worm	ce11	caeJap4	1.121	C50C3.2	chrIII	8181380	8189872	8492	6711	600	200	0.000	0	0	0	0	40	0	0	6711	10273	0.000				0	0	0	0					0.000		0.000	0.000	0.000
worm	ce11	caeAng2	1.249	C50C3.2	chrIII	8181380	8189872	8492	6711	90	30	0.672	0	203	0	1	77	0	0	6711	10273	0.000				0	0	4884	6532	0.000				0.000		0.000	0.000	0.000
worm	ce11	caeAng2	1.249	C50C3.2	chrIII	8181380	8189872	8492	6711	150	50	0.672	0	127	0	0	40	0	0	6711	10273	0.000				0	0	4884	6532	0.000				0.000		0.000	0.000	0.000
worm	ce11	caeAng2	1.249	C50C3.2	chrIII	8181380	8189872	8492	6711	300	100	0.672	4	64	0	0	14	243	957	6468	9316	0.036	0.203	0.061	-0.109	240	853	4644	5679	0.049	0.220	0.080	-0.137	0.000		0.252	0.000	0.024
worm	ce11	caeAng2	1.249	C50C3.2	chrIII	8181380	8189872	8492	6711	600	200	0.672	25	13	0	0	2	2291	5309	4420	4964	0.341	0.301	0.320	-0.172	1884	4452	3000	2080	0.386	0.297	0.336	-0.295	0.000		0.774	0.000	0.359
worm	ce11	C_briggsae	1.306	Y71H2AM.3	chrIII	2804929	2812278	7349	1452	90	30	0.627	0	143	0	1	98	0	0	1452	13246	0.000				0	0	1401	7811	0.000						0.000	0.000	
worm	ce11	C_briggsae	1.306	Y71H2AM.3	chrIII	2804929	2812278	7349	1452	150	50	0.627	2	125	0	1	16	0	300	1452	12946	0.000	0.000	0.000	-0.048	0	264	1401	7547	0.000	0.000	0.000	-0.073			0.000	0.000	
worm	ce11	C_briggsae	1.306	Y71H2AM.3	chrIII	2804929	2812278	7349	1452	300	100	0.627	12	57	0	0	2	348	1952	1104	11294	0.240	0.151	0.186	0.076	330	1643	1071	6168	0.236	0.167	0.196	0.022			0.457	0.170	
worm	ce11	C_briggsae	1.306	Y71H2AM.3	chrIII	2804929	2812278	7349	1452	600	200	0.627	13	21	0	0	0	365	3835	1087	9411	0.251	0.087	0.129	-0.025	344	2482	1057	5329	0.246	0.122	0.163	-0.056			0.457	0.185	
worm	ce11	caeRem4	1.137	Y71H2AM.3	chrIII	2804929	2812278	7349	1452	90	30	0.512	3	110	0	1	128	120	90	1332	13156	0.083	0.571	0.144	0.191	120	90	1292	6024	0.085	0.571	0.148	0.167			0.000	0.109	
worm	ce11	caeRem4	1.137	Y71H2AM.3	chrIII	2804929	2812278	7349	1452	150	50	0.512	11	88	0	0	45	577	523	875	12723	0.397	0.525	0.452	0.406	563	463	849	5651	0.399	0.549	0.462	0.367			0.000	0.525	
worm	ce11	caeRem4	1.137	Y71H2AM.3	chrIII	2804929	2812278	7349	1452	300	100	0.512	17	38	0	0	16	946	2354	506	10892	0.652	0.287	0.398	0.339	917	1764	495	4350	0.649	0.342	0.448	0.294			1.000	0.540	
worm	ce11	caeRem4	1.137	Y71H2AM.3	chrIII	2804929	2812278	7349	1452	600	200	0.512	13	16	0	0	5	631	4169	821	9077	0.435	0.131	0.202	0.076	609	2644	803	3470	0.431	0.187	0.261	-0.001			0.457	0.427	
worm	ce11	caeJap4	1.121	Y71H2AM.3	chrIII	2804929	2812278	7349	1452	90	30	0.820	0	222	0	0	20	0	0	1452	13246	0.000				0	0	1383	10663	0.000						0.000	0.000	
worm	ce11	caeJap4	1.121	Y71H2AM.3	chrIII	2804929	2812278	7349	1452	150	50	0.820	1	137	0	0	6	0	150	1452	13096	0.000	0.000	0.000	-0.034	0	150	1383	10513	0.000	0.000	0.000	-0.040			0.000	0.000	
worm	ce11	caeJap4	1.121	Y71H2AM.3	chrIII	2804929	2812278	7349	1452	300	100	0.820	12	57	0	0	2	191	2009	1261	11237	0.132	0.087	0.105	-0.017	188	1842	1195	8821	0.136	0.093	0.110	-0.031			0.543	0.000	
worm	ce11	caeJap4	1.121	Y71H2AM.3	chrIII	2804929	2812278	7349	1452	600	200	0.820	16	18	0	0	0	1014	5186	438	8060	0.698	0.164	0.265	0.185	976	4476	407	6187	0.706	0.179	0.286	0.183			0.543	0.748	
worm	ce11	caeAng2	1.249	Y71H2AM.3	chrIII	2804929	2812278	7349	1452	90	30	0.712	0	192	0	0	50	0	0	1452	13246	0.000				0	0	1170	9302	0.000						0.000	0.000	
worm	ce11	caeAng2	1.249	Y71H2AM.3	chrIII	2804929	2812278	7349	1452	150	50	0.712	0	124	0	0	20	0	0	1452	13246	0.000				0	0	1170	9302	0.000						0.000	0.000	
worm	ce11	caeAng2	1.249	Y71H2AM.3	chrIII	2804929	2812278	7349	1452	300	100	0.712	6	60	0	0	5	692	508	760	12738	0.477	0.577	0.522	0.478	677	372	493	8930	0.579	0.645	0.610	0.565			0.244	0.551	
worm	ce11	caeAng2	1.249	Y71H2AM.3	chrIII	2804929	2812278	7349	1452	600	200	0.712	12	21	0	0	1	1087	3513	365	9733	0.749	0.236	0.359	0.311	911	2742	259	6560	0.779	0.249	0.378	0.320			0.543	0.815	
worm	ce11	C_briggsae	1.306	affl-1	chrIII	439725	444556	4831	1641	90	30	0.149	0	24	0	0	135	0	0	1641	8021	0.000				0	0	404	1038	0.000				0.000	0.000	0.000	0.000	
worm	ce11	C_briggsae	1.306	affl-1	chrIII	439725	444556	4831	1641	150	50	0.149	0	20	0	0	74	0	0	1641	8021	0.000				0	0	404	1038	0.000				0.000	0.000	0.000	0.000	
worm	ce11	C_briggsae	1.306	affl-1	chrIII	439725	444556	4831	1641	300	100	0.149	0	14	0	0	32	0	0	1641	8021	0.000				0	0	404	1038	0.000				0.000	0.000	0.000	0.000	
worm	ce11	C_briggsae	1.306	affl-1	chrIII	439725	444556	4831	1641	600	200	0.149	3	7	0	0	12	336	664	1305	7357	0.205	0.336	0.254	0.150	291	301	113	737	0.720	0.492	0.584	0.393	0.000	0.000	0.540	0.000	
worm	ce11	caeRem4	1.137	affl-1	chrIII	439725	444556	4831	1641	90	30	0.098	0	15	0	0	144	0	0	1641	8021	0.000				0	0	430	518	0.000				0.000	0.000	0.000	0.000	
worm	ce11	caeRem4	1.137	affl-1	chrIII	439725	444556	4831	1641	150	50	0.098	0	14	0	0	80	0	0	1641	8021	0.000				0	0	430	518	0.000				0.000	0.000	0.000	0.000	
worm	ce11	caeRem4	1.137	affl-1	chrIII	439725	444556	4831	1641	300	100	0.098	0	11	0	0	35	0	0	1641	8021	0.000				0	0	430	518	0.000				0.000	0.000	0.000	0.000	
worm	ce11	caeRem4	1.137	affl-1	chrIII	439725	444556	4831	1641	600	200	0.098	2	7	0	0	13	0	800	1641	7221	0.000	0.000	0.000	-0.136	0	287	430	231	0.000	0.000	0.000	-0.600	0.000	0.000	0.000	0.000	
worm	ce11	caeJap4	1.121	affl-1	chrIII	439725	444556	4831	1641	90	30	0.176	0	31	0	0	128	0	0	1641	8021	0.000				0	0	683	1019	0.000				0.000	0.000	0.000	0.000	
worm	ce11	caeJap4	1.121	affl-1	chrIII	439725	444556	4831	1641	150	50	0.176	0	23	0	0	71	0	0	1641	8021	0.000				0	0	683	1019	0.000				0.000	0.000	0.000	0.000	
worm	ce11	caeJap4	1.121	affl-1	chrIII	439725	444556	4831	1641	300	100	0.176	1	15	0	0	30	0	300	1641	7721	0.000	0.000	0.000	-0.081	0	260	683	759	0.000	0.000	0.000	-0.348	0.000	0.000	0.000	0.000	
worm	ce11	caeJap4	1.121	affl-1	chrIII	439725	444556	4831	1641	600	200	0.176	2	8	0	0	12	336	464	1305	7557	0.205	0.420	0.275	0.200	278	136	405	883	0.407	0.671	0.507	0.313	0.000	0.000	0.540	0.000	
worm	ce11	caeAng2	1.249	affl-1	chrIII	439725	444556	4831	1641	90	30	0.000	0	0	0	0	159	0	0	1641	8021	0.000				0	0	0	0					0.000	0.000	0.000	0.000	
worm	ce11	caeAng2	1.249	affl-1	chrIII	439725	444556	4831	1641	150	50	0.000	0	0	0	0	94	0	0	1641	8021	0.000				0	0	0	0					0.000	0.000	0.000	0.000	
worm	ce11	caeAng2	1.249	affl-1	chrIII	439725	444556	4831	1641	300	100	0.000	0	0	0	0	46	0	0	1641	8021	0.000				0	0	0	0					0.000	0.000	0.000	0.000	
worm	ce11	caeAng2	1.249	affl-1	chrIII	439725	444556	4831	1641	600	200	0.000	0	0	0	0	22	0	0	1641	8021	0.000				0	0	0	0					0.000	0.000	0.000	0.000	
worm	ce11	C_briggsae	1.306	ZK1128.7	chrIII	10136481	10139624	3143	618	90	30	0.558	4	59	0	0	39	0	240	618	5428	0.000	0.000	0.000	-0.066	0	232	613	2665	0.000	0.000	0.000	-0.122	0.000	0.000	0.000	0.000	
worm	ce11	C_briggsae	1.306	ZK1128.7	chrIII	10136481	10139624	3143	618	150	50	0.558	7	36	0	0	17	318	532	300	5136	0.515	0.374	0.433	0.366	318	412	295	2485	0.519	0.436	0.474	0.352	0.000	0.000	0.681	0.909	
worm	ce11	C_briggsae	1.306	ZK1128.7	chrIII	10136481	10139624	3143	618	300	100	0.558	7	17	0	0	5	408	892	210	4776	0.660	0.314	0.425	0.370	404	505	209	2392	0.659	0.444	0.531	0.420	1.000	0.994	1.000	0.000	
worm	ce11	C_briggsae	1.306	ZK1128.7	chrIII	10136481	10139624	3143	618	600	200	0.558	8	5	0	0	0	409	2391	209	3277	0.662	0.146	0.239	0.144	404	1213	209	1684	0.659	0.250	0.362	0.183	1.000	1.000	1.000	0.000	
worm	ce11	caeRem4	1.137	ZK1128.7	chrIII	10136481	10139624	3143	618	90	30	0.718	1	74	0	0	27	0	90	618	5578	0.000	0.000	0.000	-0.040	0	90	613	3811	0.000	0.000	0.000	-0.057	0.000	0.000	0.000	0.000	
worm	ce11	caeRem4	1.137	ZK1128.7	chrIII	10136481	10139624	3143	618	150	50	0.718	6	50	0	0	4	297	303	321	5365	0.481	0.495	0.488	0.433	297	290	316	3611	0.485	0.506	0.495	0.418	0.000	0.000	0.947	0.569	
worm	ce11	caeRem4	1.137	ZK1128.7	chrIII	10136481	10139624	3143	618	300	100	0.718	6	23	0	0	0	406	794	212	4874	0.657	0.338	0.447	0.392	406	675	207	3226	0.662	0.376	0.479	0.393	1.000	0.000	1.000	0.809	
worm	ce11	caeRem4	1.137	ZK1128.7	chrIII	10136481	10139624	3143	618	600	200	0.718	8	5	0	0	0	618	2582	0	3086	1.000	0.193	0.324	0.324	613	1777	0	2124	1.000	0.256	0.408	0.374	1.000	1.000	1.000	1.000	
worm	ce11	caeJap4	1.121	ZK1128.7	chrIII	10136481	10139624	3143	618	90	30	0.405	0	42	0	0	60	0	0	618	5668	0.000				0	0	566	1980	0.000				0.000	0.000	0.000	0.000	
worm	ce11	caeJap4	1.121	ZK1128.7	chrIII	10136481	10139624	3143	618	150	50	0.405	1	30	0	0	29	0	150	618	5518	0.000	0.000	0.000	-0.052	0	145	566	1835	0.000	0.000	0.000	-0.131	0.000	0.000	0.000	0.000	
worm	ce11	caeJap4	1.121	ZK1128.7	chrIII	10136481	10139624	3143	618	300	100	0.405	4	16	0	0	9	171	629	447	5039	0.277	0.214	0.241	0.148	170	345	396	1635	0.300	0.330	0.315	0.131	0.000	0.994	0.000	0.000	
worm	ce11	caeJap4	1.121	ZK1128.7	chrIII	10136481	10139624	3143	618	600	200	0.405	8	5	0	0	0	381	2819	237	2849	0.617	0.119	0.200	0.071	374	1315	192	665	0.661	0.221	0.332	-0.003	0.000	1.000	0.000	1.000	
worm	ce11	caeAng2	1.249	ZK1128.7	chrIII	10136481	10139624	3143	618	90	30	0.451	0	49	0	0	53	0	0	618	5668	0.000				0	0	535	2297	0.000				0.000	0.000	0.000	0.000	
worm	ce11	caeAng2	1.249	ZK1128.7	chrIII	10136481	10139624	3143	618	150	50	0.451	2	30	0	0	28	190	10	428	5658	0.307	0.950	0.465	0.519	190	7	345	2290	0.355	0.964	0.519	0.542	0.000	0.000	0.000	0.909	
worm	ce11	caeAng2	1.249	ZK1128.7	chrIII	10136481	10139624	3143	618	300	100	0.451	3	16	0	0	10	209	291	409	5377	0.338	0.418	0.374	0.316	203	23	332	2274	0.379	0.898	0.534	0.534	0.000	0.000	0.000	1.000	
worm	ce11	caeAng2	1.249	ZK1128.7	chrIII	10136481	10139624	3143	618	600	200	0.451	3	8	0	0	2	288	712	330	4956	0.466	0.288	0.356	0.277	256	201	279	2096	0.479	0.560	0.516	0.416	0.000	0.459	0.000	1.000	
worm	ce11	C_briggsae	1.306	enu-3.2	chrIII	4782693	4785859	3166	1431	90	30	0.315	0	34	0	0	69	0	0	1431	4901	0.000				0	0	900	1096	0.000					0.000	0.000	0.000	0.000
worm	ce11	C_briggsae	1.306	enu-3.2	chrIII	4782693	4785859	3166	1431	150	50	0.315	2	23	0	0	36	0	200	1431	4701	0.000	0.000	0.000	-0.098	0	197	900	899	0.000	0.000	0.000	-0.300		0.000	0.000	0.000	0.000
worm	ce11	C_briggsae	1.306	enu-3.2	chrIII	4782693	4785859	3166	1431	300	100	0.315	6	8	0	0	15	252	748	1179	4153	0.176	0.252	0.207	0.027	239	613	661	483	0.266	0.281	0.273	-0.296		0.000	0.233	0.000	0.275
worm	ce11	C_briggsae	1.306	enu-3.2	chrIII	4782693	4785859	3166	1431	600	200	0.315	5	4	0	0	4	781	1419	650	3482	0.546	0.355	0.430	0.225	700	838	200	258	0.778	0.455	0.574	0.016		0.000	1.000	0.000	0.643
worm	ce11	caeRem4	1.137	enu-3.2	chrIII	4782693	4785859	3166	1431	90	30	0.400	0	42	0	1	60	0	0	1431	4901	0.000				0	0	832	1700	0.000					0.000	0.000	0.000	0.000
worm	ce11	caeRem4	1.137	enu-3.2	chrIII	4782693	4785859	3166	1431	150	50	0.400	0	28	0	0	33	0	0	1431	4901	0.000				0	0	832	1700	0.000					0.000	0.000	0.000	0.000
worm	ce11	caeRem4	1.137	enu-3.2	chrIII	4782693	4785859	3166	1431	300	100	0.400	2	14	0	0	13	0	400	1431	4501	0.000	0.000	0.000	-0.140	0	337	832	1363	0.000	0.000	0.000	-0.274		0.000	0.000	0.000	0.000
worm	ce11	caeRem4	1.137	enu-3.2	chrIII	4782693	4785859	3166	1431	600	200	0.400	3	6	0	0	4	0	1000	1431	3901	0.000	0.000	0.000	-0.234	0	615	832	1085	0.000	0.000	0.000	-0.396		0.000	0.000	0.000	0.000
worm	ce11	caeJap4	1.121	enu-3.2	chrIII	4782693	4785859	3166	1431	90	30	0.256	0	27	0	0	76	0	0	1431	4901	0.000				0	0	660	958	0.000					0.000	0.000	0.000	0.000
worm	ce11	caeJap4	1.121	enu-3.2	chrIII	4782693	4785859	3166	1431	150	50	0.256	0	18	0	0	43	0	0	1431	4901	0.000				0	0	660	958	0.000					0.000	0.000	0.000	0.000
worm	ce11	caeJap4	1.121	enu-3.2	chrIII	4782693	4785859	3166	1431	300	100	0.256	2	10	0	0	17	0	500	1431	4401	0.000	0.000	0.000	-0.158	0	469	660	489	0.000	0.000	0.000	-0.530		0.000	0.000	0.000	0.000
worm	ce11	caeJap4	1.121	enu-3.2	chrIII	4782693	4785859	3166	1431	600	200	0.256	3	6	0	0	4	0	1000	1431	3901	0.000	0.000	0.000	-0.234	0	507	660	451	0.000	0.000	0.000	-0.561		0.000	0.000	0.000	0.000
worm	ce11	caeAng2	1.249	enu-3.2	chrIII	4782693	4785859	3166	1431	90	30	0.071	0	7	0	0	96	0	0	1431	4901	0.000				0	0	224	224	0.000					0.000	0.000	0.000	0.000
worm	ce11	caeAng2	1.249	enu-3.2	chrIII	4782693	4785859	3166	1431	150	50	0.071	0	5	0	0	56	0	0	1431	4901	0.000				0	0	224	224	0.000					0.000	0.000	0.000	0.000
worm	ce11	caeAng2	1.249	enu-3.2	chrIII	4782693	4785859	3166	1431	300	100	0.071	0	4	0	0	25	0	0	1431	4901	0.000				0	0	224	224	0.000					0.000	0.000	0.000	0.000
worm	ce11	caeAng2	1.249	enu-3.2	chrIII	4782693	4785859	3166	1431	600	200	0.071	0	4	0	0	9	0	0	1431	4901	0.000				0	0	224	224	0.000					0.000	0.000	0.000	0.000
